file,line,type,commit,author,date,time,timezone,datetime,depth,length
style.css,1,css,e594f66e,stephluooo,2025-01-09,11:41:55,-08:00,2025-01-09T11:41:55-08:00,0,5
style.css,2,css,4f812d33,stephluooo,2025-01-16,13:52:54,-08:00,2025-01-16T13:52:54-08:00,0,44
style.css,3,css,4f812d33,stephluooo,2025-01-16,13:52:54,-08:00,2025-01-16T13:52:54-08:00,0,43
style.css,4,css,4f812d33,stephluooo,2025-01-16,13:52:54,-08:00,2025-01-16T13:52:54-08:00,0,1
style.css,5,css,4f812d33,stephluooo,2025-01-16,13:52:54,-08:00,2025-01-16T13:52:54-08:00,0,24
style.css,6,css,4f812d33,stephluooo,2025-01-16,13:52:54,-08:00,2025-01-16T13:52:54-08:00,0,16
style.css,7,css,4f812d33,stephluooo,2025-01-16,13:52:54,-08:00,2025-01-16T13:52:54-08:00,0,43
style.css,8,css,4f812d33,stephluooo,2025-01-16,13:52:54,-08:00,2025-01-16T13:52:54-08:00,0,13
style.css,9,css,36ebb5ca,stephluooo,2025-01-16,13:42:21,-08:00,2025-01-16T13:42:21-08:00,0,0
style.css,10,css,36ebb5ca,stephluooo,2025-01-16,13:42:21,-08:00,2025-01-16T13:42:21-08:00,0,0
style.css,11,css,85c9f278,stephluooo,2025-01-16,17:01:59,-08:00,2025-01-16T17:01:59-08:00,0,7
style.css,12,css,4f812d33,stephluooo,2025-01-16,13:52:54,-08:00,2025-01-16T13:52:54-08:00,0,14
style.css,13,css,4f812d33,stephluooo,2025-01-16,13:52:54,-08:00,2025-01-16T13:52:54-08:00,0,17
style.css,14,css,4f812d33,stephluooo,2025-01-16,13:52:54,-08:00,2025-01-16T13:52:54-08:00,0,15
style.css,15,css,4f812d33,stephluooo,2025-01-16,13:52:54,-08:00,2025-01-16T13:52:54-08:00,0,12
style.css,16,css,85c9f278,stephluooo,2025-01-16,17:01:59,-08:00,2025-01-16T17:01:59-08:00,0,3
style.css,17,css,4f812d33,stephluooo,2025-01-16,13:52:54,-08:00,2025-01-16T13:52:54-08:00,0,0
style.css,18,css,4f812d33,stephluooo,2025-01-16,13:52:54,-08:00,2025-01-16T13:52:54-08:00,0,8
style.css,19,css,941a0f0d,stephluooo,2025-01-16,14:05:01,-08:00,2025-01-16T14:05:01-08:00,0,16
style.css,20,css,4f812d33,stephluooo,2025-01-16,13:52:54,-08:00,2025-01-16T13:52:54-08:00,0,0
style.css,21,css,4f812d33,stephluooo,2025-01-16,13:52:54,-08:00,2025-01-16T13:52:54-08:00,0,0
style.css,22,css,4f812d33,stephluooo,2025-01-16,13:52:54,-08:00,2025-01-16T13:52:54-08:00,0,7
style.css,23,css,941a0f0d,stephluooo,2025-01-16,14:05:01,-08:00,2025-01-16T14:05:01-08:00,0,16
style.css,24,css,4f812d33,stephluooo,2025-01-16,13:52:54,-08:00,2025-01-16T13:52:54-08:00,0,10
style.css,25,css,4f812d33,stephluooo,2025-01-16,13:52:54,-08:00,2025-01-16T13:52:54-08:00,0,9
style.css,26,css,4f812d33,stephluooo,2025-01-16,13:52:54,-08:00,2025-01-16T13:52:54-08:00,0,13
style.css,27,css,941a0f0d,stephluooo,2025-01-16,14:05:01,-08:00,2025-01-16T14:05:01-08:00,0,9
style.css,28,css,941a0f0d,stephluooo,2025-01-16,14:05:01,-08:00,2025-01-16T14:05:01-08:00,0,23
style.css,29,css,941a0f0d,stephluooo,2025-01-16,14:05:01,-08:00,2025-01-16T14:05:01-08:00,0,0
style.css,30,css,941a0f0d,stephluooo,2025-01-16,14:05:01,-08:00,2025-01-16T14:05:01-08:00,0,0
style.css,31,css,2478703e,stephluooo,2025-01-16,17:23:58,-08:00,2025-01-16T17:23:58-08:00,0,4
style.css,32,css,2478703e,stephluooo,2025-01-16,17:23:58,-08:00,2025-01-16T17:23:58-08:00,0,13
style.css,33,css,2478703e,stephluooo,2025-01-16,17:23:58,-08:00,2025-01-16T17:23:58-08:00,0,18
style.css,34,css,769a2aab,stephluooo,2025-01-23,18:13:09,-08:00,2025-01-23T18:13:09-08:00,0,44
style.css,35,css,2478703e,stephluooo,2025-01-16,17:23:58,-08:00,2025-01-16T17:23:58-08:00,0,0
style.css,36,css,2478703e,stephluooo,2025-01-16,17:23:58,-08:00,2025-01-16T17:23:58-08:00,0,0
style.css,37,css,2478703e,stephluooo,2025-01-16,17:23:58,-08:00,2025-01-16T17:23:58-08:00,0,6
style.css,38,css,2478703e,stephluooo,2025-01-16,17:23:58,-08:00,2025-01-16T17:23:58-08:00,0,7
style.css,39,css,2478703e,stephluooo,2025-01-16,17:23:58,-08:00,2025-01-16T17:23:58-08:00,0,21
style.css,40,css,2478703e,stephluooo,2025-01-16,17:23:58,-08:00,2025-01-16T17:23:58-08:00,0,14
style.css,41,css,2478703e,stephluooo,2025-01-16,17:23:58,-08:00,2025-01-16T17:23:58-08:00,0,18
style.css,42,css,2478703e,stephluooo,2025-01-16,17:23:58,-08:00,2025-01-16T17:23:58-08:00,0,14
style.css,43,css,2478703e,stephluooo,2025-01-16,17:23:58,-08:00,2025-01-16T17:23:58-08:00,0,0
style.css,44,css,2478703e,stephluooo,2025-01-16,17:23:58,-08:00,2025-01-16T17:23:58-08:00,0,0
style.css,45,css,2478703e,stephluooo,2025-01-16,17:23:58,-08:00,2025-01-16T17:23:58-08:00,0,0
style.css,46,css,3332da2e,stephluooo,2025-01-16,17:33:48,-08:00,2025-01-16T17:33:48-08:00,0,11
style.css,47,css,769a2aab,stephluooo,2025-01-23,18:13:09,-08:00,2025-01-23T18:13:09-08:00,0,70
style.css,48,css,571241d7,stephluooo,2025-01-16,17:47:27,-08:00,2025-01-16T17:47:27-08:00,0,46
style.css,49,css,3332da2e,stephluooo,2025-01-16,17:33:48,-08:00,2025-01-16T17:33:48-08:00,0,21
style.css,50,css,3332da2e,stephluooo,2025-01-16,17:33:48,-08:00,2025-01-16T17:33:48-08:00,0,0
style.css,51,css,3332da2e,stephluooo,2025-01-16,17:33:48,-08:00,2025-01-16T17:33:48-08:00,0,0
style.css,52,css,2478703e,stephluooo,2025-01-16,17:23:58,-08:00,2025-01-16T17:23:58-08:00,0,9
style.css,53,css,769a2aab,stephluooo,2025-01-23,18:13:09,-08:00,2025-01-23T18:13:09-08:00,0,46
style.css,54,css,2478703e,stephluooo,2025-01-16,17:23:58,-08:00,2025-01-16T17:23:58-08:00,0,21
style.css,55,css,2478703e,stephluooo,2025-01-16,17:23:58,-08:00,2025-01-16T17:23:58-08:00,0,0
style.css,56,css,2478703e,stephluooo,2025-01-16,17:23:58,-08:00,2025-01-16T17:23:58-08:00,0,0
style.css,57,css,2478703e,stephluooo,2025-01-16,17:23:58,-08:00,2025-01-16T17:23:58-08:00,0,6
style.css,58,css,769a2aab,stephluooo,2025-01-23,18:13:09,-08:00,2025-01-23T18:13:09-08:00,0,43
style.css,59,css,769a2aab,stephluooo,2025-01-23,18:13:09,-08:00,2025-01-23T18:13:09-08:00,0,24
style.css,60,css,769a2aab,stephluooo,2025-01-23,18:13:09,-08:00,2025-01-23T18:13:09-08:00,0,40
style.css,61,css,6b917dc6,stephluooo,2025-01-16,17:31:11,-08:00,2025-01-16T17:31:11-08:00,0,0
style.css,62,css,6b917dc6,stephluooo,2025-01-16,17:31:11,-08:00,2025-01-16T17:31:11-08:00,0,0
style.css,63,css,6b917dc6,stephluooo,2025-01-16,17:31:11,-08:00,2025-01-16T17:31:11-08:00,0,5
style.css,64,css,6b917dc6,stephluooo,2025-01-16,17:31:11,-08:00,2025-01-16T17:31:11-08:00,0,13
style.css,65,css,0861e379,stephluooo,2025-01-16,17:44:18,-08:00,2025-01-16T17:44:18-08:00,0,12
style.css,66,css,c7d209c2,stephluooo,2025-01-16,18:16:22,-08:00,2025-01-16T18:16:22-08:00,0,31
style.css,67,css,c7d209c2,stephluooo,2025-01-16,18:16:22,-08:00,2025-01-16T18:16:22-08:00,0,8
style.css,68,css,c7d209c2,stephluooo,2025-01-16,18:16:22,-08:00,2025-01-16T18:16:22-08:00,0,11
style.css,69,css,718c344e,stephluooo,2025-01-16,17:58:33,-08:00,2025-01-16T17:58:33-08:00,0,0
style.css,70,css,718c344e,stephluooo,2025-01-16,17:58:33,-08:00,2025-01-16T17:58:33-08:00,0,0
style.css,71,css,718c344e,stephluooo,2025-01-16,17:58:33,-08:00,2025-01-16T17:58:33-08:00,0,8
style.css,72,css,718c344e,stephluooo,2025-01-16,17:58:33,-08:00,2025-01-16T17:58:33-08:00,0,13
style.css,73,css,718c344e,stephluooo,2025-01-16,17:58:33,-08:00,2025-01-16T17:58:33-08:00,0,30
style.css,74,css,718c344e,stephluooo,2025-01-16,17:58:33,-08:00,2025-01-16T17:58:33-08:00,0,19
style.css,75,css,718c344e,stephluooo,2025-01-16,17:58:33,-08:00,2025-01-16T17:58:33-08:00,0,8
style.css,76,css,0053f1d1,stephluooo,2025-01-16,18:00:03,-08:00,2025-01-16T18:00:03-08:00,0,0
style.css,77,css,0053f1d1,stephluooo,2025-01-16,18:00:03,-08:00,2025-01-16T18:00:03-08:00,0,0
style.css,78,css,0053f1d1,stephluooo,2025-01-16,18:00:03,-08:00,2025-01-16T18:00:03-08:00,0,6
style.css,79,css,0053f1d1,stephluooo,2025-01-16,18:00:03,-08:00,2025-01-16T18:00:03-08:00,0,19
style.css,80,css,c1cc0ef3,stephluooo,2025-01-16,18:02:53,-08:00,2025-01-16T18:02:53-08:00,0,0
style.css,81,css,c1cc0ef3,stephluooo,2025-01-16,18:02:53,-08:00,2025-01-16T18:02:53-08:00,0,0
style.css,82,css,e5622503,stephluooo,2025-01-16,18:18:27,-08:00,2025-01-16T18:18:27-08:00,0,10
style.css,83,css,c1cc0ef3,stephluooo,2025-01-16,18:02:53,-08:00,2025-01-16T18:02:53-08:00,0,13
style.css,84,css,c1cc0ef3,stephluooo,2025-01-16,18:02:53,-08:00,2025-01-16T18:02:53-08:00,0,59
style.css,85,css,72c94097,stephluooo,2025-01-16,18:10:08,-08:00,2025-01-16T18:10:08-08:00,0,0
style.css,86,css,72c94097,stephluooo,2025-01-16,18:10:08,-08:00,2025-01-16T18:10:08-08:00,0,0
style.css,87,css,e5622503,stephluooo,2025-01-16,18:18:27,-08:00,2025-01-16T18:18:27-08:00,0,8
style.css,88,css,72c94097,stephluooo,2025-01-16,18:10:08,-08:00,2025-01-16T18:10:08-08:00,0,13
style.css,89,css,72c94097,stephluooo,2025-01-16,18:10:08,-08:00,2025-01-16T18:10:08-08:00,0,27
style.css,90,css,72c94097,stephluooo,2025-01-16,18:10:08,-08:00,2025-01-16T18:10:08-08:00,0,16
style.css,91,css,72c94097,stephluooo,2025-01-16,18:10:08,-08:00,2025-01-16T18:10:08-08:00,0,8
style.css,92,css,5f43da1e,stephluooo,2025-01-16,18:34:10,-08:00,2025-01-16T18:34:10-08:00,0,12
style.css,93,css,72c94097,stephluooo,2025-01-16,18:10:08,-08:00,2025-01-16T18:10:08-08:00,0,0
style.css,94,css,72c94097,stephluooo,2025-01-16,18:10:08,-08:00,2025-01-16T18:10:08-08:00,0,0
style.css,95,css,72c94097,stephluooo,2025-01-16,18:10:08,-08:00,2025-01-16T18:10:08-08:00,0,2
style.css,96,css,72c94097,stephluooo,2025-01-16,18:10:08,-08:00,2025-01-16T18:10:08-08:00,0,8
style.css,97,css,72c94097,stephluooo,2025-01-16,18:10:08,-08:00,2025-01-16T18:10:08-08:00,0,0
style.css,98,css,72c94097,stephluooo,2025-01-16,18:10:08,-08:00,2025-01-16T18:10:08-08:00,0,0
style.css,99,css,72c94097,stephluooo,2025-01-16,18:10:08,-08:00,2025-01-16T18:10:08-08:00,0,2
style.css,100,css,72c94097,stephluooo,2025-01-16,18:10:08,-08:00,2025-01-16T18:10:08-08:00,0,15
style.css,101,css,72c94097,stephluooo,2025-01-16,18:10:08,-08:00,2025-01-16T18:10:08-08:00,0,0
style.css,102,css,72c94097,stephluooo,2025-01-16,18:10:08,-08:00,2025-01-16T18:10:08-08:00,0,0
style.css,103,css,72c94097,stephluooo,2025-01-16,18:10:08,-08:00,2025-01-16T18:10:08-08:00,0,22
style.css,104,css,72c94097,stephluooo,2025-01-16,18:10:08,-08:00,2025-01-16T18:10:08-08:00,0,16
style.css,105,css,72c94097,stephluooo,2025-01-16,18:10:08,-08:00,2025-01-16T18:10:08-08:00,0,18
style.css,106,css,83bf1abf,stephluooo,2025-01-23,18:15:05,-08:00,2025-01-23T18:15:05-08:00,0,0
style.css,107,css,83bf1abf,stephluooo,2025-01-23,18:15:05,-08:00,2025-01-23T18:15:05-08:00,0,0
style.css,108,css,83bf1abf,stephluooo,2025-01-23,18:15:05,-08:00,2025-01-23T18:15:05-08:00,0,13
style.css,109,css,83bf1abf,stephluooo,2025-01-23,18:15:05,-08:00,2025-01-23T18:15:05-08:00,0,18
style.css,110,css,83bf1abf,stephluooo,2025-01-23,18:15:05,-08:00,2025-01-23T18:15:05-08:00,0,9
style.css,111,css,83bf1abf,stephluooo,2025-01-23,18:15:05,-08:00,2025-01-23T18:15:05-08:00,0,11
style.css,112,css,83bf1abf,stephluooo,2025-01-23,18:15:05,-08:00,2025-01-23T18:15:05-08:00,0,14
style.css,113,css,83bf1abf,stephluooo,2025-01-23,18:15:05,-08:00,2025-01-23T18:15:05-08:00,0,20
style.css,114,css,83bf1abf,stephluooo,2025-01-23,18:15:05,-08:00,2025-01-23T18:15:05-08:00,0,15
style.css,115,css,5cacb285,stephluooo,2025-01-31,17:53:29,-08:00,2025-01-31T17:53:29-08:00,0,0
style.css,116,css,5cacb285,stephluooo,2025-01-31,17:53:29,-08:00,2025-01-31T17:53:29-08:00,0,0
style.css,117,css,5cacb285,stephluooo,2025-01-31,17:53:29,-08:00,2025-01-31T17:53:29-08:00,0,15
style.css,118,css,5cacb285,stephluooo,2025-01-31,17:53:29,-08:00,2025-01-31T17:53:29-08:00,0,18
style.css,119,css,5cacb285,stephluooo,2025-01-31,17:53:29,-08:00,2025-01-31T17:53:29-08:00,0,30
style.css,120,css,5cacb285,stephluooo,2025-01-31,17:53:29,-08:00,2025-01-31T17:53:29-08:00,0,0
style.css,121,css,5cacb285,stephluooo,2025-01-31,17:53:29,-08:00,2025-01-31T17:53:29-08:00,0,0
style.css,122,css,5cacb285,stephluooo,2025-01-31,17:53:29,-08:00,2025-01-31T17:53:29-08:00,0,3
style.css,123,css,5cacb285,stephluooo,2025-01-31,17:53:29,-08:00,2025-01-31T17:53:29-08:00,0,13
style.css,124,css,5cacb285,stephluooo,2025-01-31,17:53:29,-08:00,2025-01-31T17:53:29-08:00,0,62
style.css,125,css,5cacb285,stephluooo,2025-01-31,17:53:29,-08:00,2025-01-31T17:53:29-08:00,0,16
style.css,126,css,5cacb285,stephluooo,2025-01-31,17:53:29,-08:00,2025-01-31T17:53:29-08:00,0,0
style.css,127,css,5cacb285,stephluooo,2025-01-31,17:53:29,-08:00,2025-01-31T17:53:29-08:00,0,0
style.css,128,css,5cacb285,stephluooo,2025-01-31,17:53:29,-08:00,2025-01-31T17:53:29-08:00,0,3
style.css,129,css,5cacb285,stephluooo,2025-01-31,17:53:29,-08:00,2025-01-31T17:53:29-08:00,0,15
style.css,130,css,5cacb285,stephluooo,2025-01-31,17:53:29,-08:00,2025-01-31T17:53:29-08:00,0,11
style.css,131,css,5cacb285,stephluooo,2025-01-31,17:53:29,-08:00,2025-01-31T17:53:29-08:00,0,25
style.css,132,css,5cacb285,stephluooo,2025-01-31,17:53:29,-08:00,2025-01-31T17:53:29-08:00,0,11
style.css,133,css,5cacb285,stephluooo,2025-01-31,17:53:29,-08:00,2025-01-31T17:53:29-08:00,0,16
style.css,134,css,5cacb285,stephluooo,2025-01-31,17:53:29,-08:00,2025-01-31T17:53:29-08:00,0,0
style.css,135,css,5cacb285,stephluooo,2025-01-31,17:53:29,-08:00,2025-01-31T17:53:29-08:00,0,0
style.css,136,css,5cacb285,stephluooo,2025-01-31,17:53:29,-08:00,2025-01-31T17:53:29-08:00,0,3
style.css,137,css,5cacb285,stephluooo,2025-01-31,17:53:29,-08:00,2025-01-31T17:53:29-08:00,0,15
style.css,138,css,5cacb285,stephluooo,2025-01-31,17:53:29,-08:00,2025-01-31T17:53:29-08:00,0,9
style.css,139,css,5cacb285,stephluooo,2025-01-31,17:53:29,-08:00,2025-01-31T17:53:29-08:00,0,11
style.css,140,css,5cacb285,stephluooo,2025-01-31,17:53:29,-08:00,2025-01-31T17:53:29-08:00,0,16
style.css,141,css,d1048e95,stephluooo,2025-02-06,16:52:14,-08:00,2025-02-06T16:52:14-08:00,0,0
style.css,142,css,d1048e95,stephluooo,2025-02-06,16:52:14,-08:00,2025-02-06T16:52:14-08:00,0,0
style.css,143,css,390a5a45,stephluooo,2025-02-07,15:14:29,-08:00,2025-02-07T15:14:29-08:00,0,6
style.css,144,css,d1048e95,stephluooo,2025-02-06,16:52:14,-08:00,2025-02-06T16:52:14-08:00,0,18
style.css,145,css,4ead7f4e,stephluooo,2025-02-06,17:06:02,-08:00,2025-02-06T17:06:02-08:00,0,16
style.css,146,css,4ead7f4e,stephluooo,2025-02-06,17:06:02,-08:00,2025-02-06T17:06:02-08:00,0,11
style.css,147,css,d425354c,stephluooo,2025-02-07,17:33:31,-08:00,2025-02-07T17:33:31-08:00,0,18
style.css,148,css,390a5a45,stephluooo,2025-02-07,15:14:29,-08:00,2025-02-07T15:14:29-08:00,0,0
style.css,149,css,49e636e3,stephluooo,2025-02-06,17:01:54,-08:00,2025-02-06T17:01:54-08:00,0,0
style.css,150,css,49e636e3,stephluooo,2025-02-06,17:01:54,-08:00,2025-02-06T17:01:54-08:00,0,19
style.css,151,css,49e636e3,stephluooo,2025-02-06,17:01:54,-08:00,2025-02-06T17:01:54-08:00,0,15
style.css,152,css,49e636e3,stephluooo,2025-02-06,17:01:54,-08:00,2025-02-06T17:01:54-08:00,0,17
style.css,153,css,49e636e3,stephluooo,2025-02-06,17:01:54,-08:00,2025-02-06T17:01:54-08:00,0,17
style.css,154,css,7c0d0f5b,stephluooo,2025-02-06,22:34:38,-08:00,2025-02-06T22:34:38-08:00,0,0
style.css,155,css,7c0d0f5b,stephluooo,2025-02-06,22:34:38,-08:00,2025-02-06T22:34:38-08:00,0,0
style.css,156,css,94a91b75,stephluooo,2025-02-06,23:39:59,-08:00,2025-02-06T23:39:59-08:00,0,11
style.css,157,css,94a91b75,stephluooo,2025-02-06,23:39:59,-08:00,2025-02-06T23:39:59-08:00,0,13
style.css,158,css,94a91b75,stephluooo,2025-02-06,23:39:59,-08:00,2025-02-06T23:39:59-08:00,0,48
style.css,159,css,94a91b75,stephluooo,2025-02-06,23:39:59,-08:00,2025-02-06T23:39:59-08:00,0,58
style.css,160,css,94a91b75,stephluooo,2025-02-06,23:39:59,-08:00,2025-02-06T23:39:59-08:00,0,0
style.css,161,css,94a91b75,stephluooo,2025-02-06,23:39:59,-08:00,2025-02-06T23:39:59-08:00,0,0
style.css,162,css,7c0d0f5b,stephluooo,2025-02-06,22:34:38,-08:00,2025-02-06T22:34:38-08:00,0,29
style.css,163,css,7c0d0f5b,stephluooo,2025-02-06,22:34:38,-08:00,2025-02-06T22:34:38-08:00,0,8
style.css,164,css,94a91b75,stephluooo,2025-02-06,23:39:59,-08:00,2025-02-06T23:39:59-08:00,0,7
style.css,165,css,7c0d0f5b,stephluooo,2025-02-06,22:34:38,-08:00,2025-02-06T22:34:38-08:00,0,13
style.css,166,css,7c0d0f5b,stephluooo,2025-02-06,22:34:38,-08:00,2025-02-06T22:34:38-08:00,0,58
style.css,167,css,7c0d0f5b,stephluooo,2025-02-06,22:34:38,-08:00,2025-02-06T22:34:38-08:00,0,50
style.css,168,css,7c0d0f5b,stephluooo,2025-02-06,22:34:38,-08:00,2025-02-06T22:34:38-08:00,0,49
style.css,169,css,7c0d0f5b,stephluooo,2025-02-06,22:34:38,-08:00,2025-02-06T22:34:38-08:00,0,59
style.css,170,css,7c0d0f5b,stephluooo,2025-02-06,22:34:38,-08:00,2025-02-06T22:34:38-08:00,0,21
style.css,171,css,7c0d0f5b,stephluooo,2025-02-06,22:34:38,-08:00,2025-02-06T22:34:38-08:00,0,57
style.css,172,css,7c0d0f5b,stephluooo,2025-02-06,22:34:38,-08:00,2025-02-06T22:34:38-08:00,0,0
style.css,173,css,7c0d0f5b,stephluooo,2025-02-06,22:34:38,-08:00,2025-02-06T22:34:38-08:00,0,0
style.css,174,css,7c0d0f5b,stephluooo,2025-02-06,22:34:38,-08:00,2025-02-06T22:34:38-08:00,0,28
style.css,175,css,7c0d0f5b,stephluooo,2025-02-06,22:34:38,-08:00,2025-02-06T22:34:38-08:00,0,13
style.css,176,css,7c0d0f5b,stephluooo,2025-02-06,22:34:38,-08:00,2025-02-06T22:34:38-08:00,0,13
style.css,177,css,7c0d0f5b,stephluooo,2025-02-06,22:34:38,-08:00,2025-02-06T22:34:38-08:00,0,58
style.css,178,css,7c0d0f5b,stephluooo,2025-02-06,22:34:38,-08:00,2025-02-06T22:34:38-08:00,0,49
style.css,179,css,7c0d0f5b,stephluooo,2025-02-06,22:34:38,-08:00,2025-02-06T22:34:38-08:00,0,0
style.css,180,css,7c0d0f5b,stephluooo,2025-02-06,22:34:38,-08:00,2025-02-06T22:34:38-08:00,0,0
style.css,181,css,7c0d0f5b,stephluooo,2025-02-06,22:34:38,-08:00,2025-02-06T22:34:38-08:00,0,19
style.css,182,css,7c0d0f5b,stephluooo,2025-02-06,22:34:38,-08:00,2025-02-06T22:34:38-08:00,0,8
style.css,183,css,7c0d0f5b,stephluooo,2025-02-06,22:34:38,-08:00,2025-02-06T22:34:38-08:00,0,10
style.css,184,css,7c0d0f5b,stephluooo,2025-02-06,22:34:38,-08:00,2025-02-06T22:34:38-08:00,0,11
style.css,185,css,7c0d0f5b,stephluooo,2025-02-06,22:34:38,-08:00,2025-02-06T22:34:38-08:00,0,49
style.css,186,css,7c0d0f5b,stephluooo,2025-02-06,22:34:38,-08:00,2025-02-06T22:34:38-08:00,0,69
style.css,187,css,7c0d0f5b,stephluooo,2025-02-06,22:34:38,-08:00,2025-02-06T22:34:38-08:00,0,51
style.css,188,css,7c0d0f5b,stephluooo,2025-02-06,22:34:38,-08:00,2025-02-06T22:34:38-08:00,0,0
style.css,189,css,cb064358,stephluooo,2025-02-07,14:44:49,-08:00,2025-02-07T14:44:49-08:00,0,0
style.css,190,css,cb064358,stephluooo,2025-02-07,14:44:49,-08:00,2025-02-07T14:44:49-08:00,0,11
style.css,191,css,cb064358,stephluooo,2025-02-07,14:44:49,-08:00,2025-02-07T14:44:49-08:00,0,53
style.css,192,css,cb064358,stephluooo,2025-02-07,14:44:49,-08:00,2025-02-07T14:44:49-08:00,0,48
style.css,193,css,cb064358,stephluooo,2025-02-07,14:44:49,-08:00,2025-02-07T14:44:49-08:00,0,57
style.css,194,css,cb064358,stephluooo,2025-02-07,14:44:49,-08:00,2025-02-07T14:44:49-08:00,0,41
style.css,195,css,cb064358,stephluooo,2025-02-07,14:44:49,-08:00,2025-02-07T14:44:49-08:00,0,47
style.css,196,css,cb064358,stephluooo,2025-02-07,14:44:49,-08:00,2025-02-07T14:44:49-08:00,0,72
style.css,197,css,cb064358,stephluooo,2025-02-07,14:44:49,-08:00,2025-02-07T14:44:49-08:00,0,0
style.css,198,css,cb064358,stephluooo,2025-02-07,14:44:49,-08:00,2025-02-07T14:44:49-08:00,0,0
style.css,199,css,cb064358,stephluooo,2025-02-07,14:44:49,-08:00,2025-02-07T14:44:49-08:00,0,18
style.css,200,css,cb064358,stephluooo,2025-02-07,14:44:49,-08:00,2025-02-07T14:44:49-08:00,0,17
style.css,201,css,cb064358,stephluooo,2025-02-07,14:44:49,-08:00,2025-02-07T14:44:49-08:00,0,12
style.css,202,css,cb064358,stephluooo,2025-02-07,14:44:49,-08:00,2025-02-07T14:44:49-08:00,0,0
style.css,203,css,cb064358,stephluooo,2025-02-07,14:44:49,-08:00,2025-02-07T14:44:49-08:00,0,0
style.css,204,css,cb064358,stephluooo,2025-02-07,14:44:49,-08:00,2025-02-07T14:44:49-08:00,0,0
style.css,205,css,cb064358,stephluooo,2025-02-07,14:44:49,-08:00,2025-02-07T14:44:49-08:00,0,5
style.css,206,css,cb064358,stephluooo,2025-02-07,14:44:49,-08:00,2025-02-07T14:44:49-08:00,0,17
style.css,207,css,cb064358,stephluooo,2025-02-07,14:44:49,-08:00,2025-02-07T14:44:49-08:00,0,15
style.css,208,css,cb064358,stephluooo,2025-02-07,14:44:49,-08:00,2025-02-07T14:44:49-08:00,0,0
style.css,209,css,cb064358,stephluooo,2025-02-07,14:44:49,-08:00,2025-02-07T14:44:49-08:00,0,0
style.css,210,css,cb064358,stephluooo,2025-02-07,14:44:49,-08:00,2025-02-07T14:44:49-08:00,0,10
style.css,211,css,cb064358,stephluooo,2025-02-07,14:44:49,-08:00,2025-02-07T14:44:49-08:00,0,56
style.css,212,css,cb064358,stephluooo,2025-02-07,14:44:49,-08:00,2025-02-07T14:44:49-08:00,0,0
style.css,213,css,cb064358,stephluooo,2025-02-07,14:44:49,-08:00,2025-02-07T14:44:49-08:00,0,11
style.css,214,css,cb064358,stephluooo,2025-02-07,14:44:49,-08:00,2025-02-07T14:44:49-08:00,0,18
style.css,215,css,cb064358,stephluooo,2025-02-07,14:44:49,-08:00,2025-02-07T14:44:49-08:00,0,0
style.css,216,css,cb064358,stephluooo,2025-02-07,14:44:49,-08:00,2025-02-07T14:44:49-08:00,0,0
style.css,217,css,cb064358,stephluooo,2025-02-07,14:44:49,-08:00,2025-02-07T14:44:49-08:00,0,0
style.css,218,css,cb064358,stephluooo,2025-02-07,14:44:49,-08:00,2025-02-07T14:44:49-08:00,0,51
style.css,219,css,cb064358,stephluooo,2025-02-07,14:44:49,-08:00,2025-02-07T14:44:49-08:00,0,25
style.css,220,css,cb064358,stephluooo,2025-02-07,14:44:49,-08:00,2025-02-07T14:44:49-08:00,0,56
style.css,221,css,cb064358,stephluooo,2025-02-07,14:44:49,-08:00,2025-02-07T14:44:49-08:00,0,56
style.css,222,css,cb064358,stephluooo,2025-02-07,14:44:49,-08:00,2025-02-07T14:44:49-08:00,0,0
index.js,1,js,3d8cc994,stephluooo,2025-01-31,17:38:52,-08:00,2025-01-31T17:38:52-08:00,0,0
index.js,2,js,050d015b,stephluooo,2025-01-31,18:01:43,-08:00,2025-01-31T18:01:43-08:00,0,71
index.js,3,js,3d8cc994,stephluooo,2025-01-31,17:38:52,-08:00,2025-01-31T17:38:52-08:00,0,0
index.js,4,js,050d015b,stephluooo,2025-01-31,18:01:43,-08:00,2025-01-31T18:01:43-08:00,0,55
index.js,5,js,050d015b,stephluooo,2025-01-31,18:01:43,-08:00,2025-01-31T18:01:43-08:00,0,43
index.js,6,js,050d015b,stephluooo,2025-01-31,18:01:43,-08:00,2025-01-31T18:01:43-08:00,0,27
index.js,7,js,050d015b,stephluooo,2025-01-31,18:01:43,-08:00,2025-01-31T18:01:43-08:00,0,61
index.js,8,js,050d015b,stephluooo,2025-01-31,18:01:43,-08:00,2025-01-31T18:01:43-08:00,0,0
index.js,9,js,050d015b,stephluooo,2025-01-31,18:01:43,-08:00,2025-01-31T18:01:43-08:00,0,55
index.js,10,js,050d015b,stephluooo,2025-01-31,18:01:43,-08:00,2025-01-31T18:01:43-08:00,0,0
index.js,11,js,050d015b,stephluooo,2025-01-31,18:01:43,-08:00,2025-01-31T18:01:43-08:00,0,54
index.js,12,js,050d015b,stephluooo,2025-01-31,18:01:43,-08:00,2025-01-31T18:01:43-08:00,0,0
index.js,13,js,050d015b,stephluooo,2025-01-31,18:01:43,-08:00,2025-01-31T18:01:43-08:00,0,61
index.js,14,js,050d015b,stephluooo,2025-01-31,18:01:43,-08:00,2025-01-31T18:01:43-08:00,0,0
index.js,15,js,050d015b,stephluooo,2025-01-31,18:01:43,-08:00,2025-01-31T18:01:43-08:00,0,18
index.js,16,js,050d015b,stephluooo,2025-01-31,18:01:43,-08:00,2025-01-31T18:01:43-08:00,0,25
index.js,17,js,050d015b,stephluooo,2025-01-31,18:01:43,-08:00,2025-01-31T18:01:43-08:00,0,3
index.js,18,js,050d015b,stephluooo,2025-01-31,18:01:43,-08:00,2025-01-31T18:01:43-08:00,0,56
index.js,19,js,050d015b,stephluooo,2025-01-31,18:01:43,-08:00,2025-01-31T18:01:43-08:00,0,56
index.js,20,js,050d015b,stephluooo,2025-01-31,18:01:43,-08:00,2025-01-31T18:01:43-08:00,0,50
index.js,21,js,050d015b,stephluooo,2025-01-31,18:01:43,-08:00,2025-01-31T18:01:43-08:00,0,50
index.js,22,js,050d015b,stephluooo,2025-01-31,18:01:43,-08:00,2025-01-31T18:01:43-08:00,0,4
index.js,23,js,050d015b,stephluooo,2025-01-31,18:01:43,-08:00,2025-01-31T18:01:43-08:00,0,1
index.js,24,js,050d015b,stephluooo,2025-01-31,18:01:43,-08:00,2025-01-31T18:01:43-08:00,0,0
index.html,1,html,082f2933,stephluooo,2025-01-09,11:06:44,-08:00,2025-01-09T11:06:44-08:00,0,14
index.html,2,html,44103e87,stephluooo,2025-01-23,17:25:01,-08:00,2025-01-23T17:25:01-08:00,0,28
index.html,3,html,082f2933,stephluooo,2025-01-09,11:06:44,-08:00,2025-01-09T11:06:44-08:00,0,5
index.html,4,html,082f2933,stephluooo,2025-01-09,11:06:44,-08:00,2025-01-09T11:06:44-08:00,0,21
index.html,5,html,082f2933,stephluooo,2025-01-09,11:06:44,-08:00,2025-01-09T11:06:44-08:00,0,69
index.html,6,html,e594f66e,stephluooo,2025-01-09,11:41:55,-08:00,2025-01-09T11:41:55-08:00,0,66
index.html,7,html,e594f66e,stephluooo,2025-01-09,11:41:55,-08:00,2025-01-09T11:41:55-08:00,0,39
index.html,8,html,8452e702,stephluooo,2025-01-23,13:11:06,-08:00,2025-01-23T13:11:06-08:00,0,46
index.html,9,html,082f2933,stephluooo,2025-01-09,11:06:44,-08:00,2025-01-09T11:06:44-08:00,0,6
index.html,10,html,082f2933,stephluooo,2025-01-09,11:06:44,-08:00,2025-01-09T11:06:44-08:00,0,5
index.html,11,html,44103e87,stephluooo,2025-01-23,17:25:01,-08:00,2025-01-23T17:25:01-08:00,0,9
index.html,12,html,e04170e7,stephluooo,2025-01-23,16:55:18,-08:00,2025-01-23T16:55:18-08:00,0,30
index.html,13,html,c3155685,stephluooo,2025-01-09,12:18:25,-08:00,2025-01-09T12:18:25-08:00,0,43
index.html,14,html,c3155685,stephluooo,2025-01-09,12:18:25,-08:00,2025-01-09T12:18:25-08:00,0,41
index.html,15,html,264a6953,stephluooo,2025-01-09,12:44:33,-08:00,2025-01-09T12:44:33-08:00,0,39
index.html,16,html,fbdaff40,stephluooo,2025-02-12,21:00:37,-08:00,2025-02-12T21:00:37-08:00,0,35
index.html,17,html,c3155685,stephluooo,2025-01-09,12:18:25,-08:00,2025-01-09T12:18:25-08:00,0,73
index.html,18,html,44103e87,stephluooo,2025-01-23,17:25:01,-08:00,2025-01-23T17:25:01-08:00,0,9
index.html,19,html,082f2933,stephluooo,2025-01-09,11:06:44,-08:00,2025-01-09T11:06:44-08:00,0,21
index.html,20,html,88e70d9d,stephluooo,2025-01-09,12:56:57,-08:00,2025-01-09T12:56:57-08:00,0,52
index.html,21,html,5c645755,stephluooo,2025-01-16,14:20:43,-08:00,2025-01-16T14:20:43-08:00,0,60
index.html,22,html,3d8cc994,stephluooo,2025-01-31,17:38:52,-08:00,2025-01-31T17:38:52-08:00,0,23
index.html,23,html,3d8cc994,stephluooo,2025-01-31,17:38:52,-08:00,2025-01-31T17:38:52-08:00,0,29
index.html,24,html,3d8cc994,stephluooo,2025-01-31,17:38:52,-08:00,2025-01-31T17:38:52-08:00,0,5
index.html,25,html,3d8cc994,stephluooo,2025-01-31,17:38:52,-08:00,2025-01-31T17:38:52-08:00,0,0
index.html,26,html,5c645755,stephluooo,2025-01-16,14:20:43,-08:00,2025-01-16T14:20:43-08:00,0,8
index.html,27,html,5c645755,stephluooo,2025-01-16,14:20:43,-08:00,2025-01-16T14:20:43-08:00,0,16
index.html,28,html,5c645755,stephluooo,2025-01-16,14:20:43,-08:00,2025-01-16T14:20:43-08:00,0,227
index.html,29,html,5c645755,stephluooo,2025-01-16,14:20:43,-08:00,2025-01-16T14:20:43-08:00,0,9
index.html,30,html,340c2383,stephluooo,2025-01-30,16:58:26,-08:00,2025-01-30T16:58:26-08:00,0,0
index.html,31,html,340c2383,stephluooo,2025-01-30,16:58:26,-08:00,2025-01-30T16:58:26-08:00,0,23
index.html,32,html,340c2383,stephluooo,2025-01-30,16:58:26,-08:00,2025-01-30T16:58:26-08:00,0,21
index.html,33,html,340c2383,stephluooo,2025-01-30,16:58:26,-08:00,2025-01-30T16:58:26-08:00,0,50
index.html,34,html,340c2383,stephluooo,2025-01-30,16:58:26,-08:00,2025-01-30T16:58:26-08:00,0,5
index.html,35,html,340c2383,stephluooo,2025-01-30,16:58:26,-08:00,2025-01-30T16:58:26-08:00,0,0
index.html,36,html,fce93eac,stephluooo,2025-01-30,17:38:13,-08:00,2025-01-30T17:38:13-08:00,0,46
index.html,37,html,340c2383,stephluooo,2025-01-30,16:58:26,-08:00,2025-01-30T16:58:26-08:00,0,51
index.html,38,html,082f2933,stephluooo,2025-01-09,11:06:44,-08:00,2025-01-09T11:06:44-08:00,0,6
index.html,39,html,082f2933,stephluooo,2025-01-09,11:06:44,-08:00,2025-01-09T11:06:44-08:00,0,6
global.js,1,js,8452e702,stephluooo,2025-01-23,13:11:06,-08:00,2025-01-23T13:11:06-08:00,0,26
global.js,2,js,8452e702,stephluooo,2025-01-23,13:11:06,-08:00,2025-01-23T13:11:06-08:00,0,0
global.js,3,js,8452e702,stephluooo,2025-01-23,13:11:06,-08:00,2025-01-23T13:11:06-08:00,0,42
global.js,4,js,8452e702,stephluooo,2025-01-23,13:11:06,-08:00,2025-01-23T13:11:06-08:00,0,53
global.js,5,js,e04170e7,stephluooo,2025-01-23,16:55:18,-08:00,2025-01-23T16:55:18-08:00,0,0
global.js,6,js,e04170e7,stephluooo,2025-01-23,16:55:18,-08:00,2025-01-23T16:55:18-08:00,0,0
global.js,7,js,445829ba,stephluooo,2025-01-23,17:36:54,-08:00,2025-01-23T17:36:54-08:00,0,28
global.js,8,js,e04170e7,stephluooo,2025-01-23,16:55:18,-08:00,2025-01-23T16:55:18-08:00,0,0
global.js,9,js,e04170e7,stephluooo,2025-01-23,16:55:18,-08:00,2025-01-23T16:55:18-08:00,0,34
global.js,10,js,e04170e7,stephluooo,2025-01-23,16:55:18,-08:00,2025-01-23T16:55:18-08:00,0,73
global.js,11,js,e04170e7,stephluooo,2025-01-23,16:55:18,-08:00,2025-01-23T16:55:18-08:00,0,6
global.js,12,js,e04170e7,stephluooo,2025-01-23,16:55:18,-08:00,2025-01-23T16:55:18-08:00,0,0
global.js,13,js,e04170e7,stephluooo,2025-01-23,16:55:18,-08:00,2025-01-23T16:55:18-08:00,0,22
global.js,14,js,e04170e7,stephluooo,2025-01-23,16:55:18,-08:00,2025-01-23T16:55:18-08:00,0,44
global.js,15,js,e04170e7,stephluooo,2025-01-23,16:55:18,-08:00,2025-01-23T16:55:18-08:00,0,5
global.js,16,js,e04170e7,stephluooo,2025-01-23,16:55:18,-08:00,2025-01-23T16:55:18-08:00,0,0
global.js,17,js,e04170e7,stephluooo,2025-01-23,16:55:18,-08:00,2025-01-23T16:55:18-08:00,0,0
global.js,18,js,e04170e7,stephluooo,2025-01-23,16:55:18,-08:00,2025-01-23T16:55:18-08:00,0,12
global.js,19,js,e04170e7,stephluooo,2025-01-23,16:55:18,-08:00,2025-01-23T16:55:18-08:00,0,26
global.js,20,js,e04170e7,stephluooo,2025-01-23,16:55:18,-08:00,2025-01-23T16:55:18-08:00,0,39
global.js,21,js,e04170e7,stephluooo,2025-01-23,16:55:18,-08:00,2025-01-23T16:55:18-08:00,0,35
global.js,22,js,e04170e7,stephluooo,2025-01-23,16:55:18,-08:00,2025-01-23T16:55:18-08:00,0,38
global.js,23,js,1feafa10,stephluooo,2025-02-12,21:06:56,-08:00,2025-02-12T21:06:56-08:00,0,31
global.js,24,js,445829ba,stephluooo,2025-01-23,17:36:54,-08:00,2025-01-23T17:36:54-08:00,0,56
global.js,25,js,e04170e7,stephluooo,2025-01-23,16:55:18,-08:00,2025-01-23T16:55:18-08:00,0,1
global.js,26,js,e04170e7,stephluooo,2025-01-23,16:55:18,-08:00,2025-01-23T16:55:18-08:00,0,0
global.js,27,js,e04170e7,stephluooo,2025-01-23,16:55:18,-08:00,2025-01-23T16:55:18-08:00,0,39
global.js,28,js,e04170e7,stephluooo,2025-01-23,16:55:18,-08:00,2025-01-23T16:55:18-08:00,0,26
global.js,29,js,e04170e7,stephluooo,2025-01-23,16:55:18,-08:00,2025-01-23T16:55:18-08:00,0,0
global.js,30,js,44103e87,stephluooo,2025-01-23,17:25:01,-08:00,2025-01-23T17:25:01-08:00,0,71
global.js,31,js,44103e87,stephluooo,2025-01-23,17:25:01,-08:00,2025-01-23T17:25:01-08:00,0,0
global.js,32,js,e04170e7,stephluooo,2025-01-23,16:55:18,-08:00,2025-01-23T16:55:18-08:00,0,21
global.js,33,js,e04170e7,stephluooo,2025-01-23,16:55:18,-08:00,2025-01-23T16:55:18-08:00,0,15
global.js,34,js,e04170e7,stephluooo,2025-01-23,16:55:18,-08:00,2025-01-23T16:55:18-08:00,0,19
global.js,35,js,44103e87,stephluooo,2025-01-23,17:25:01,-08:00,2025-01-23T17:25:01-08:00,0,36
global.js,36,js,44103e87,stephluooo,2025-01-23,17:25:01,-08:00,2025-01-23T17:25:01-08:00,0,0
global.js,37,js,44103e87,stephluooo,2025-01-23,17:25:01,-08:00,2025-01-23T17:25:01-08:00,0,0
global.js,38,js,44103e87,stephluooo,2025-01-23,17:25:01,-08:00,2025-01-23T17:25:01-08:00,0,28
global.js,39,js,44103e87,stephluooo,2025-01-23,17:25:01,-08:00,2025-01-23T17:25:01-08:00,0,42
global.js,40,js,44103e87,stephluooo,2025-01-23,17:25:01,-08:00,2025-01-23T17:25:01-08:00,0,13
global.js,41,js,44103e87,stephluooo,2025-01-23,17:25:01,-08:00,2025-01-23T17:25:01-08:00,0,8
global.js,42,js,44103e87,stephluooo,2025-01-23,17:25:01,-08:00,2025-01-23T17:25:01-08:00,0,52
global.js,43,js,44103e87,stephluooo,2025-01-23,17:25:01,-08:00,2025-01-23T17:25:01-08:00,0,15
global.js,44,js,44103e87,stephluooo,2025-01-23,17:25:01,-08:00,2025-01-23T17:25:01-08:00,0,17
global.js,45,js,44103e87,stephluooo,2025-01-23,17:25:01,-08:00,2025-01-23T17:25:01-08:00,0,7
global.js,46,js,44103e87,stephluooo,2025-01-23,17:25:01,-08:00,2025-01-23T17:25:01-08:00,0,11
global.js,47,js,2497642b,stephluooo,2025-01-23,17:39:19,-08:00,2025-01-23T17:39:19-08:00,0,52
global.js,48,js,44103e87,stephluooo,2025-01-23,17:25:01,-08:00,2025-01-23T17:25:01-08:00,0,0
global.js,49,js,44103e87,stephluooo,2025-01-23,17:25:01,-08:00,2025-01-23T17:25:01-08:00,0,0
global.js,50,js,44103e87,stephluooo,2025-01-23,17:25:01,-08:00,2025-01-23T17:25:01-08:00,0,35
global.js,51,js,44103e87,stephluooo,2025-01-23,17:25:01,-08:00,2025-01-23T17:25:01-08:00,0,12
global.js,52,js,44103e87,stephluooo,2025-01-23,17:25:01,-08:00,2025-01-23T17:25:01-08:00,0,21
global.js,53,js,44103e87,stephluooo,2025-01-23,17:25:01,-08:00,2025-01-23T17:25:01-08:00,0,0
global.js,54,js,44103e87,stephluooo,2025-01-23,17:25:01,-08:00,2025-01-23T17:25:01-08:00,0,66
global.js,55,js,44103e87,stephluooo,2025-01-23,17:25:01,-08:00,2025-01-23T17:25:01-08:00,0,26
global.js,56,js,e04170e7,stephluooo,2025-01-23,16:55:18,-08:00,2025-01-23T16:55:18-08:00,0,0
global.js,57,js,44103e87,stephluooo,2025-01-23,17:25:01,-08:00,2025-01-23T17:25:01-08:00,0,0
global.js,58,js,8137d638,stephluooo,2025-01-23,17:30:25,-08:00,2025-01-23T17:30:25-08:00,0,29
global.js,59,js,44103e87,stephluooo,2025-01-23,17:25:01,-08:00,2025-01-23T17:25:01-08:00,0,19
global.js,60,js,44103e87,stephluooo,2025-01-23,17:25:01,-08:00,2025-01-23T17:25:01-08:00,0,0
global.js,61,js,44103e87,stephluooo,2025-01-23,17:25:01,-08:00,2025-01-23T17:25:01-08:00,0,0
global.js,62,js,44103e87,stephluooo,2025-01-23,17:25:01,-08:00,2025-01-23T17:25:01-08:00,0,13
global.js,63,js,44103e87,stephluooo,2025-01-23,17:25:01,-08:00,2025-01-23T17:25:01-08:00,0,0
global.js,64,js,445829ba,stephluooo,2025-01-23,17:36:54,-08:00,2025-01-23T17:36:54-08:00,0,0
global.js,65,js,769a2aab,stephluooo,2025-01-23,18:13:09,-08:00,2025-01-23T18:13:09-08:00,0,0
global.js,66,js,769a2aab,stephluooo,2025-01-23,18:13:09,-08:00,2025-01-23T18:13:09-08:00,0,32
global.js,67,js,769a2aab,stephluooo,2025-01-23,18:13:09,-08:00,2025-01-23T18:13:09-08:00,0,12
global.js,68,js,769a2aab,stephluooo,2025-01-23,18:13:09,-08:00,2025-01-23T18:13:09-08:00,0,0
global.js,69,js,769a2aab,stephluooo,2025-01-23,18:13:09,-08:00,2025-01-23T18:13:09-08:00,0,27
global.js,70,js,769a2aab,stephluooo,2025-01-23,18:13:09,-08:00,2025-01-23T18:13:09-08:00,0,5
global.js,71,js,bb4108f6,stephluooo,2025-01-23,18:27:23,-08:00,2025-01-23T18:27:23-08:00,0,32
global.js,72,js,769a2aab,stephluooo,2025-01-23,18:13:09,-08:00,2025-01-23T18:13:09-08:00,0,44
global.js,73,js,769a2aab,stephluooo,2025-01-23,18:13:09,-08:00,2025-01-23T18:13:09-08:00,0,35
global.js,74,js,769a2aab,stephluooo,2025-01-23,18:13:09,-08:00,2025-01-23T18:13:09-08:00,0,33
global.js,75,js,769a2aab,stephluooo,2025-01-23,18:13:09,-08:00,2025-01-23T18:13:09-08:00,0,8
global.js,76,js,769a2aab,stephluooo,2025-01-23,18:13:09,-08:00,2025-01-23T18:13:09-08:00,0,8
global.js,77,js,769a2aab,stephluooo,2025-01-23,18:13:09,-08:00,2025-01-23T18:13:09-08:00,0,1
global.js,78,js,769a2aab,stephluooo,2025-01-23,18:13:09,-08:00,2025-01-23T18:13:09-08:00,0,0
global.js,79,js,bb4108f6,stephluooo,2025-01-23,18:27:23,-08:00,2025-01-23T18:27:23-08:00,0,61
global.js,80,js,bb4108f6,stephluooo,2025-01-23,18:27:23,-08:00,2025-01-23T18:27:23-08:00,0,0
global.js,81,js,769a2aab,stephluooo,2025-01-23,18:13:09,-08:00,2025-01-23T18:13:09-08:00,0,50
global.js,82,js,769a2aab,stephluooo,2025-01-23,18:13:09,-08:00,2025-01-23T18:13:09-08:00,0,58
global.js,83,js,769a2aab,stephluooo,2025-01-23,18:13:09,-08:00,2025-01-23T18:13:09-08:00,0,78
global.js,84,js,769a2aab,stephluooo,2025-01-23,18:13:09,-08:00,2025-01-23T18:13:09-08:00,0,2
global.js,85,js,939e83ce,stephluooo,2025-01-23,20:38:13,-08:00,2025-01-23T20:38:13-08:00,0,0
global.js,86,js,939e83ce,stephluooo,2025-01-23,20:38:13,-08:00,2025-01-23T20:38:13-08:00,0,30
global.js,87,js,939e83ce,stephluooo,2025-01-23,20:38:13,-08:00,2025-01-23T20:38:13-08:00,0,35
global.js,88,js,939e83ce,stephluooo,2025-01-23,20:38:13,-08:00,2025-01-23T20:38:13-08:00,0,44
global.js,89,js,939e83ce,stephluooo,2025-01-23,20:38:13,-08:00,2025-01-23T20:38:13-08:00,0,97
global.js,90,js,939e83ce,stephluooo,2025-01-23,20:38:13,-08:00,2025-01-23T20:38:13-08:00,0,81
global.js,91,js,939e83ce,stephluooo,2025-01-23,20:38:13,-08:00,2025-01-23T20:38:13-08:00,0,0
global.js,92,js,939e83ce,stephluooo,2025-01-23,20:38:13,-08:00,2025-01-23T20:38:13-08:00,0,0
global.js,93,js,939e83ce,stephluooo,2025-01-23,20:38:13,-08:00,2025-01-23T20:38:13-08:00,0,50
global.js,94,js,939e83ce,stephluooo,2025-01-23,20:38:13,-08:00,2025-01-23T20:38:13-08:00,0,41
global.js,95,js,939e83ce,stephluooo,2025-01-23,20:38:13,-08:00,2025-01-23T20:38:13-08:00,0,0
global.js,96,js,939e83ce,stephluooo,2025-01-23,20:38:13,-08:00,2025-01-23T20:38:13-08:00,0,54
global.js,97,js,939e83ce,stephluooo,2025-01-23,20:38:13,-08:00,2025-01-23T20:38:13-08:00,0,0
global.js,98,js,939e83ce,stephluooo,2025-01-23,20:38:13,-08:00,2025-01-23T20:38:13-08:00,0,44
global.js,99,js,939e83ce,stephluooo,2025-01-23,20:38:13,-08:00,2025-01-23T20:38:13-08:00,0,41
global.js,100,js,939e83ce,stephluooo,2025-01-23,20:38:13,-08:00,2025-01-23T20:38:13-08:00,0,0
global.js,101,js,939e83ce,stephluooo,2025-01-23,20:38:13,-08:00,2025-01-23T20:38:13-08:00,0,58
global.js,102,js,939e83ce,stephluooo,2025-01-23,20:38:13,-08:00,2025-01-23T20:38:13-08:00,0,0
global.js,103,js,939e83ce,stephluooo,2025-01-23,20:38:13,-08:00,2025-01-23T20:38:13-08:00,0,74
global.js,104,js,939e83ce,stephluooo,2025-01-23,20:38:13,-08:00,2025-01-23T20:38:13-08:00,0,2
global.js,105,js,8bec8fff,stephluooo,2025-01-30,15:37:27,-08:00,2025-01-30T15:37:27-08:00,0,0
global.js,106,js,8bec8fff,stephluooo,2025-01-30,15:37:27,-08:00,2025-01-30T15:37:27-08:00,0,37
global.js,107,js,8bec8fff,stephluooo,2025-01-30,15:37:27,-08:00,2025-01-30T15:37:27-08:00,0,4
global.js,108,js,8bec8fff,stephluooo,2025-01-30,15:37:27,-08:00,2025-01-30T15:37:27-08:00,0,40
global.js,109,js,8bec8fff,stephluooo,2025-01-30,15:37:27,-08:00,2025-01-30T15:37:27-08:00,0,33
global.js,110,js,c5aa9765,stephluooo,2025-01-30,15:57:32,-08:00,2025-01-30T15:57:32-08:00,0,18
global.js,111,js,c5aa9765,stephluooo,2025-01-30,15:57:32,-08:00,2025-01-30T15:57:32-08:00,0,67
global.js,112,js,c5aa9765,stephluooo,2025-01-30,15:57:32,-08:00,2025-01-30T15:57:32-08:00,0,0
global.js,113,js,c5aa9765,stephluooo,2025-01-30,15:57:32,-08:00,2025-01-30T15:57:32-08:00,0,21
global.js,114,js,c5aa9765,stephluooo,2025-01-30,15:57:32,-08:00,2025-01-30T15:57:32-08:00,0,34
global.js,115,js,c5aa9765,stephluooo,2025-01-30,15:57:32,-08:00,2025-01-30T15:57:32-08:00,0,11
global.js,116,js,8bec8fff,stephluooo,2025-01-30,15:37:27,-08:00,2025-01-30T15:37:27-08:00,0,0
global.js,117,js,8bec8fff,stephluooo,2025-01-30,15:37:27,-08:00,2025-01-30T15:37:27-08:00,0,0
global.js,118,js,8bec8fff,stephluooo,2025-01-30,15:37:27,-08:00,2025-01-30T15:37:27-08:00,0,16
global.js,119,js,8bec8fff,stephluooo,2025-01-30,15:37:27,-08:00,2025-01-30T15:37:27-08:00,0,60
global.js,120,js,8bec8fff,stephluooo,2025-01-30,15:37:27,-08:00,2025-01-30T15:37:27-08:00,0,0
global.js,121,js,8bec8fff,stephluooo,2025-01-30,15:37:27,-08:00,2025-01-30T15:37:27-08:00,0,0
global.js,122,js,8bec8fff,stephluooo,2025-01-30,15:37:27,-08:00,2025-01-30T15:37:27-08:00,0,0
global.js,123,js,c5aa9765,stephluooo,2025-01-30,15:57:32,-08:00,2025-01-30T15:57:32-08:00,0,79
global.js,124,js,03e03de2,stephluooo,2025-01-30,16:29:00,-08:00,2025-01-30T16:29:00-08:00,0,48
global.js,125,js,03e03de2,stephluooo,2025-01-30,16:29:00,-08:00,2025-01-30T16:29:00-08:00,0,52
global.js,126,js,03e03de2,stephluooo,2025-01-30,16:29:00,-08:00,2025-01-30T16:29:00-08:00,0,6
global.js,127,js,03e03de2,stephluooo,2025-01-30,16:29:00,-08:00,2025-01-30T16:29:00-08:00,0,0
global.js,128,js,37706fac,stephluooo,2025-01-30,16:31:15,-08:00,2025-01-30T16:31:15-08:00,0,0
global.js,129,js,fbf957b6,stephluooo,2025-01-30,16:15:42,-08:00,2025-01-30T16:15:42-08:00,0,63
global.js,130,js,fbf957b6,stephluooo,2025-01-30,16:15:42,-08:00,2025-01-30T16:15:42-08:00,0,48
global.js,131,js,fbf957b6,stephluooo,2025-01-30,16:15:42,-08:00,2025-01-30T16:15:42-08:00,0,85
global.js,132,js,fbf957b6,stephluooo,2025-01-30,16:15:42,-08:00,2025-01-30T16:15:42-08:00,0,19
global.js,133,js,fbf957b6,stephluooo,2025-01-30,16:15:42,-08:00,2025-01-30T16:15:42-08:00,0,0
global.js,134,js,fbf957b6,stephluooo,2025-01-30,16:15:42,-08:00,2025-01-30T16:15:42-08:00,0,0
global.js,135,js,c5aa9765,stephluooo,2025-01-30,15:57:32,-08:00,2025-01-30T15:57:32-08:00,0,31
global.js,136,js,48cf8396,stephluooo,2025-01-30,16:18:14,-08:00,2025-01-30T16:18:14-08:00,0,21
global.js,137,js,48cf8396,stephluooo,2025-01-30,16:18:14,-08:00,2025-01-30T16:18:14-08:00,0,43
global.js,138,js,48cf8396,stephluooo,2025-01-30,16:18:14,-08:00,2025-01-30T16:18:14-08:00,0,80
global.js,139,js,48cf8396,stephluooo,2025-01-30,16:18:14,-08:00,2025-01-30T16:18:14-08:00,0,13
global.js,140,js,48cf8396,stephluooo,2025-01-30,16:18:14,-08:00,2025-01-30T16:18:14-08:00,0,64
global.js,141,js,48cf8396,stephluooo,2025-01-30,16:18:14,-08:00,2025-01-30T16:18:14-08:00,0,0
global.js,142,js,fbf957b6,stephluooo,2025-01-30,16:15:42,-08:00,2025-01-30T16:15:42-08:00,0,49
global.js,143,js,75b55466,stephluooo,2025-02-07,17:38:12,-08:00,2025-02-07T17:38:12-08:00,0,31
global.js,144,js,fbf957b6,stephluooo,2025-01-30,16:15:42,-08:00,2025-01-30T16:15:42-08:00,0,20
global.js,145,js,48cf8396,stephluooo,2025-01-30,16:18:14,-08:00,2025-01-30T16:18:14-08:00,0,42
global.js,146,js,37706fac,stephluooo,2025-01-30,16:31:15,-08:00,2025-01-30T16:31:15-08:00,0,75
global.js,147,js,75b55466,stephluooo,2025-02-07,17:38:12,-08:00,2025-02-07T17:38:12-08:00,0,4
global.js,148,js,75b55466,stephluooo,2025-02-07,17:38:12,-08:00,2025-02-07T17:38:12-08:00,0,20
global.js,149,js,75b55466,stephluooo,2025-02-07,17:38:12,-08:00,2025-02-07T17:38:12-08:00,0,16
global.js,150,js,75b55466,stephluooo,2025-02-07,17:38:12,-08:00,2025-02-07T17:38:12-08:00,0,5
global.js,151,js,fbf957b6,stephluooo,2025-01-30,16:15:42,-08:00,2025-01-30T16:15:42-08:00,0,1
global.js,152,js,48cf8396,stephluooo,2025-01-30,16:18:14,-08:00,2025-01-30T16:18:14-08:00,0,0
global.js,153,js,fbf957b6,stephluooo,2025-01-30,16:15:42,-08:00,2025-01-30T16:15:42-08:00,0,37
global.js,154,js,fbf957b6,stephluooo,2025-01-30,16:15:42,-08:00,2025-01-30T16:15:42-08:00,0,2
global.js,155,js,24c2bfa4,stephluooo,2025-01-30,16:51:01,-08:00,2025-01-30T16:51:01-08:00,0,0
global.js,156,js,24c2bfa4,stephluooo,2025-01-30,16:51:01,-08:00,2025-01-30T16:51:01-08:00,0,0
global.js,157,js,24c2bfa4,stephluooo,2025-01-30,16:51:01,-08:00,2025-01-30T16:51:01-08:00,0,52
global.js,158,js,24c2bfa4,stephluooo,2025-01-30,16:51:01,-08:00,2025-01-30T16:51:01-08:00,0,27
global.js,159,js,24c2bfa4,stephluooo,2025-01-30,16:51:01,-08:00,2025-01-30T16:51:01-08:00,0,35
global.js,160,js,24c2bfa4,stephluooo,2025-01-30,16:51:01,-08:00,2025-01-30T16:51:01-08:00,0,53
global.js,161,js,24c2bfa4,stephluooo,2025-01-30,16:51:01,-08:00,2025-01-30T16:51:01-08:00,0,7
global.js,162,js,24c2bfa4,stephluooo,2025-01-30,16:51:01,-08:00,2025-01-30T16:51:01-08:00,0,38
global.js,163,js,24c2bfa4,stephluooo,2025-01-30,16:51:01,-08:00,2025-01-30T16:51:01-08:00,0,0
global.js,164,js,3d8cc994,stephluooo,2025-01-31,17:38:52,-08:00,2025-01-31T17:38:52-08:00,0,0
global.js,165,js,3d8cc994,stephluooo,2025-01-31,17:38:52,-08:00,2025-01-31T17:38:52-08:00,0,0
global.js,166,js,3d8cc994,stephluooo,2025-01-31,17:38:52,-08:00,2025-01-31T17:38:52-08:00,0,48
global.js,167,js,3d8cc994,stephluooo,2025-01-31,17:38:52,-08:00,2025-01-31T17:38:52-08:00,0,60
global.js,168,js,050d015b,stephluooo,2025-01-31,18:01:43,-08:00,2025-01-31T18:01:43-08:00,0,0
global.js,169,js,3d8cc994,stephluooo,2025-01-31,17:38:52,-08:00,2025-01-31T17:38:52-08:00,0,0
global.js,170,js,3d8cc994,stephluooo,2025-01-31,17:38:52,-08:00,2025-01-31T17:38:52-08:00,0,61
resume/index.html,1,html,264a6953,stephluooo,2025-01-09,12:44:33,-08:00,2025-01-09T12:44:33-08:00,0,14
resume/index.html,2,html,264a6953,stephluooo,2025-01-09,12:44:33,-08:00,2025-01-09T12:44:33-08:00,0,15
resume/index.html,3,html,264a6953,stephluooo,2025-01-09,12:44:33,-08:00,2025-01-09T12:44:33-08:00,0,5
resume/index.html,4,html,264a6953,stephluooo,2025-01-09,12:44:33,-08:00,2025-01-09T12:44:33-08:00,0,21
resume/index.html,5,html,264a6953,stephluooo,2025-01-09,12:44:33,-08:00,2025-01-09T12:44:33-08:00,0,69
resume/index.html,6,html,264a6953,stephluooo,2025-01-09,12:44:33,-08:00,2025-01-09T12:44:33-08:00,0,35
resume/index.html,7,html,264a6953,stephluooo,2025-01-09,12:44:33,-08:00,2025-01-09T12:44:33-08:00,0,42
resume/index.html,8,html,8452e702,stephluooo,2025-01-23,13:11:06,-08:00,2025-01-23T13:11:06-08:00,0,49
resume/index.html,9,html,264a6953,stephluooo,2025-01-09,12:44:33,-08:00,2025-01-09T12:44:33-08:00,0,6
resume/index.html,10,html,264a6953,stephluooo,2025-01-09,12:44:33,-08:00,2025-01-09T12:44:33-08:00,0,5
resume/index.html,11,html,44103e87,stephluooo,2025-01-23,17:25:01,-08:00,2025-01-23T17:25:01-08:00,0,9
resume/index.html,12,html,264a6953,stephluooo,2025-01-09,12:44:33,-08:00,2025-01-09T12:44:33-08:00,0,31
resume/index.html,13,html,264a6953,stephluooo,2025-01-09,12:44:33,-08:00,2025-01-09T12:44:33-08:00,0,44
resume/index.html,14,html,264a6953,stephluooo,2025-01-09,12:44:33,-08:00,2025-01-09T12:44:33-08:00,0,42
resume/index.html,15,html,e04170e7,stephluooo,2025-01-23,16:55:18,-08:00,2025-01-23T16:55:18-08:00,0,32
resume/index.html,16,html,264a6953,stephluooo,2025-01-09,12:44:33,-08:00,2025-01-09T12:44:33-08:00,0,73
resume/index.html,17,html,44103e87,stephluooo,2025-01-23,17:25:01,-08:00,2025-01-23T17:25:01-08:00,0,9
resume/index.html,18,html,264a6953,stephluooo,2025-01-09,12:44:33,-08:00,2025-01-09T12:44:33-08:00,0,0
resume/index.html,19,html,264a6953,stephluooo,2025-01-09,12:44:33,-08:00,2025-01-09T12:44:33-08:00,0,7
resume/index.html,20,html,264a6953,stephluooo,2025-01-09,12:44:33,-08:00,2025-01-09T12:44:33-08:00,0,14
resume/index.html,21,html,264a6953,stephluooo,2025-01-09,12:44:33,-08:00,2025-01-09T12:44:33-08:00,0,158
resume/index.html,22,html,264a6953,stephluooo,2025-01-09,12:44:33,-08:00,2025-01-09T12:44:33-08:00,0,8
resume/index.html,23,html,264a6953,stephluooo,2025-01-09,12:44:33,-08:00,2025-01-09T12:44:33-08:00,0,0
resume/index.html,24,html,264a6953,stephluooo,2025-01-09,12:44:33,-08:00,2025-01-09T12:44:33-08:00,0,8
resume/index.html,25,html,264a6953,stephluooo,2025-01-09,12:44:33,-08:00,2025-01-09T12:44:33-08:00,0,7
resume/index.html,26,html,264a6953,stephluooo,2025-01-09,12:44:33,-08:00,2025-01-09T12:44:33-08:00,0,17
resume/index.html,27,html,264a6953,stephluooo,2025-01-09,12:44:33,-08:00,2025-01-09T12:44:33-08:00,0,8
resume/index.html,28,html,264a6953,stephluooo,2025-01-09,12:44:33,-08:00,2025-01-09T12:44:33-08:00,0,8
resume/index.html,29,html,264a6953,stephluooo,2025-01-09,12:44:33,-08:00,2025-01-09T12:44:33-08:00,0,43
resume/index.html,30,html,264a6953,stephluooo,2025-01-09,12:44:33,-08:00,2025-01-09T12:44:33-08:00,0,96
resume/index.html,31,html,264a6953,stephluooo,2025-01-09,12:44:33,-08:00,2025-01-09T12:44:33-08:00,0,49
resume/index.html,32,html,264a6953,stephluooo,2025-01-09,12:44:33,-08:00,2025-01-09T12:44:33-08:00,0,9
resume/index.html,33,html,264a6953,stephluooo,2025-01-09,12:44:33,-08:00,2025-01-09T12:44:33-08:00,0,9
resume/index.html,34,html,264a6953,stephluooo,2025-01-09,12:44:33,-08:00,2025-01-09T12:44:33-08:00,0,0
resume/index.html,35,html,264a6953,stephluooo,2025-01-09,12:44:33,-08:00,2025-01-09T12:44:33-08:00,0,8
resume/index.html,36,html,264a6953,stephluooo,2025-01-09,12:44:33,-08:00,2025-01-09T12:44:33-08:00,0,7
resume/index.html,37,html,264a6953,stephluooo,2025-01-09,12:44:33,-08:00,2025-01-09T12:44:33-08:00,0,18
resume/index.html,38,html,264a6953,stephluooo,2025-01-09,12:44:33,-08:00,2025-01-09T12:44:33-08:00,0,8
resume/index.html,39,html,264a6953,stephluooo,2025-01-09,12:44:33,-08:00,2025-01-09T12:44:33-08:00,0,8
resume/index.html,40,html,264a6953,stephluooo,2025-01-09,12:44:33,-08:00,2025-01-09T12:44:33-08:00,0,16
resume/index.html,41,html,264a6953,stephluooo,2025-01-09,12:44:33,-08:00,2025-01-09T12:44:33-08:00,0,41
resume/index.html,42,html,264a6953,stephluooo,2025-01-09,12:44:33,-08:00,2025-01-09T12:44:33-08:00,0,91
resume/index.html,43,html,264a6953,stephluooo,2025-01-09,12:44:33,-08:00,2025-01-09T12:44:33-08:00,0,3
resume/index.html,44,html,264a6953,stephluooo,2025-01-09,12:44:33,-08:00,2025-01-09T12:44:33-08:00,0,102
resume/index.html,45,html,264a6953,stephluooo,2025-01-09,12:44:33,-08:00,2025-01-09T12:44:33-08:00,0,98
resume/index.html,46,html,264a6953,stephluooo,2025-01-09,12:44:33,-08:00,2025-01-09T12:44:33-08:00,0,143
resume/index.html,47,html,264a6953,stephluooo,2025-01-09,12:44:33,-08:00,2025-01-09T12:44:33-08:00,0,146
resume/index.html,48,html,264a6953,stephluooo,2025-01-09,12:44:33,-08:00,2025-01-09T12:44:33-08:00,0,4
resume/index.html,49,html,264a6953,stephluooo,2025-01-09,12:44:33,-08:00,2025-01-09T12:44:33-08:00,0,9
resume/index.html,50,html,264a6953,stephluooo,2025-01-09,12:44:33,-08:00,2025-01-09T12:44:33-08:00,0,9
resume/index.html,51,html,264a6953,stephluooo,2025-01-09,12:44:33,-08:00,2025-01-09T12:44:33-08:00,0,0
resume/index.html,52,html,264a6953,stephluooo,2025-01-09,12:44:33,-08:00,2025-01-09T12:44:33-08:00,0,8
resume/index.html,53,html,264a6953,stephluooo,2025-01-09,12:44:33,-08:00,2025-01-09T12:44:33-08:00,0,7
resume/index.html,54,html,264a6953,stephluooo,2025-01-09,12:44:33,-08:00,2025-01-09T12:44:33-08:00,0,34
resume/index.html,55,html,264a6953,stephluooo,2025-01-09,12:44:33,-08:00,2025-01-09T12:44:33-08:00,0,8
resume/index.html,56,html,264a6953,stephluooo,2025-01-09,12:44:33,-08:00,2025-01-09T12:44:33-08:00,0,8
resume/index.html,57,html,264a6953,stephluooo,2025-01-09,12:44:33,-08:00,2025-01-09T12:44:33-08:00,0,25
resume/index.html,58,html,264a6953,stephluooo,2025-01-09,12:44:33,-08:00,2025-01-09T12:44:33-08:00,0,63
resume/index.html,59,html,264a6953,stephluooo,2025-01-09,12:44:33,-08:00,2025-01-09T12:44:33-08:00,0,51
resume/index.html,60,html,264a6953,stephluooo,2025-01-09,12:44:33,-08:00,2025-01-09T12:44:33-08:00,0,3
resume/index.html,61,html,264a6953,stephluooo,2025-01-09,12:44:33,-08:00,2025-01-09T12:44:33-08:00,0,84
resume/index.html,62,html,264a6953,stephluooo,2025-01-09,12:44:33,-08:00,2025-01-09T12:44:33-08:00,0,66
resume/index.html,63,html,264a6953,stephluooo,2025-01-09,12:44:33,-08:00,2025-01-09T12:44:33-08:00,0,66
resume/index.html,64,html,264a6953,stephluooo,2025-01-09,12:44:33,-08:00,2025-01-09T12:44:33-08:00,0,4
resume/index.html,65,html,264a6953,stephluooo,2025-01-09,12:44:33,-08:00,2025-01-09T12:44:33-08:00,0,9
resume/index.html,66,html,264a6953,stephluooo,2025-01-09,12:44:33,-08:00,2025-01-09T12:44:33-08:00,0,9
resume/index.html,67,html,264a6953,stephluooo,2025-01-09,12:44:33,-08:00,2025-01-09T12:44:33-08:00,0,0
resume/index.html,68,html,264a6953,stephluooo,2025-01-09,12:44:33,-08:00,2025-01-09T12:44:33-08:00,0,8
resume/index.html,69,html,264a6953,stephluooo,2025-01-09,12:44:33,-08:00,2025-01-09T12:44:33-08:00,0,7
resume/index.html,70,html,264a6953,stephluooo,2025-01-09,12:44:33,-08:00,2025-01-09T12:44:33-08:00,0,14
resume/index.html,71,html,264a6953,stephluooo,2025-01-09,12:44:33,-08:00,2025-01-09T12:44:33-08:00,0,8
resume/index.html,72,html,264a6953,stephluooo,2025-01-09,12:44:33,-08:00,2025-01-09T12:44:33-08:00,0,3
resume/index.html,73,html,264a6953,stephluooo,2025-01-09,12:44:33,-08:00,2025-01-09T12:44:33-08:00,0,128
resume/index.html,74,html,264a6953,stephluooo,2025-01-09,12:44:33,-08:00,2025-01-09T12:44:33-08:00,0,52
resume/index.html,75,html,264a6953,stephluooo,2025-01-09,12:44:33,-08:00,2025-01-09T12:44:33-08:00,0,4
resume/index.html,76,html,264a6953,stephluooo,2025-01-09,12:44:33,-08:00,2025-01-09T12:44:33-08:00,0,9
resume/index.html,77,html,264a6953,stephluooo,2025-01-09,12:44:33,-08:00,2025-01-09T12:44:33-08:00,0,6
resume/index.html,78,html,264a6953,stephluooo,2025-01-09,12:44:33,-08:00,2025-01-09T12:44:33-08:00,0,6
projects/projects.js,1,js,7a0ba621,stephluooo,2025-01-30,17:09:24,-08:00,2025-01-30T17:09:24-08:00,0,71
projects/projects.js,2,js,679ff24d,stephluooo,2025-02-06,17:12:14,-08:00,2025-02-06T17:12:14-08:00,0,64
projects/projects.js,3,js,7a0ba621,stephluooo,2025-01-30,17:09:24,-08:00,2025-01-30T17:09:24-08:00,0,55
projects/projects.js,4,js,c5aa9765,stephluooo,2025-01-30,15:57:32,-08:00,2025-01-30T15:57:32-08:00,0,61
projects/projects.js,5,js,7a0ba621,stephluooo,2025-01-30,17:09:24,-08:00,2025-01-30T17:09:24-08:00,0,49
projects/projects.js,6,js,7a0ba621,stephluooo,2025-01-30,17:09:24,-08:00,2025-01-30T17:09:24-08:00,0,0
projects/projects.js,7,js,7a0ba621,stephluooo,2025-01-30,17:09:24,-08:00,2025-01-30T17:09:24-08:00,0,42
projects/projects.js,8,js,679ff24d,stephluooo,2025-02-06,17:12:14,-08:00,2025-02-06T17:12:14-08:00,0,29
projects/projects.js,9,js,679ff24d,stephluooo,2025-02-06,17:12:14,-08:00,2025-02-06T17:12:14-08:00,0,0
projects/projects.js,10,js,0bb77dc5,stephluooo,2025-02-06,18:05:31,-08:00,2025-02-06T18:05:31-08:00,0,69
projects/projects.js,11,js,2d09d66b,stephluooo,2025-02-06,17:45:10,-08:00,2025-02-06T17:45:10-08:00,0,0
projects/projects.js,12,js,5eab54ac,stephluooo,2025-02-06,23:51:16,-08:00,2025-02-06T23:51:16-08:00,0,14
projects/projects.js,13,js,5eab54ac,stephluooo,2025-02-06,23:51:16,-08:00,2025-02-06T23:51:16-08:00,0,36
projects/projects.js,14,js,5eab54ac,stephluooo,2025-02-06,23:51:16,-08:00,2025-02-06T23:51:16-08:00,0,37
projects/projects.js,15,js,5eab54ac,stephluooo,2025-02-06,23:51:16,-08:00,2025-02-06T23:51:16-08:00,0,36
projects/projects.js,16,js,5eab54ac,stephluooo,2025-02-06,23:51:16,-08:00,2025-02-06T23:51:16-08:00,0,35
projects/projects.js,17,js,5eab54ac,stephluooo,2025-02-06,23:51:16,-08:00,2025-02-06T23:51:16-08:00,0,35
projects/projects.js,18,js,5eab54ac,stephluooo,2025-02-06,23:51:16,-08:00,2025-02-06T23:51:16-08:00,0,38
projects/projects.js,19,js,5eab54ac,stephluooo,2025-02-06,23:51:16,-08:00,2025-02-06T23:51:16-08:00,0,6
projects/projects.js,20,js,44368a7b,stephluooo,2025-02-07,12:46:26,-08:00,2025-02-07T12:46:26-08:00,0,30
projects/projects.js,21,js,44368a7b,stephluooo,2025-02-07,12:46:26,-08:00,2025-02-07T12:46:26-08:00,0,15
projects/projects.js,22,js,44368a7b,stephluooo,2025-02-07,12:46:26,-08:00,2025-02-07T12:46:26-08:00,0,22
projects/projects.js,23,js,44368a7b,stephluooo,2025-02-07,12:46:26,-08:00,2025-02-07T12:46:26-08:00,0,20
projects/projects.js,24,js,44368a7b,stephluooo,2025-02-07,12:46:26,-08:00,2025-02-07T12:46:26-08:00,0,6
projects/projects.js,25,js,5aa190d6,stephluooo,2025-02-06,23:55:36,-08:00,2025-02-06T23:55:36-08:00,0,0
projects/projects.js,26,js,44368a7b,stephluooo,2025-02-07,12:46:26,-08:00,2025-02-07T12:46:26-08:00,0,51
projects/projects.js,27,js,44368a7b,stephluooo,2025-02-07,12:46:26,-08:00,2025-02-07T12:46:26-08:00,0,46
projects/projects.js,28,js,44368a7b,stephluooo,2025-02-07,12:46:26,-08:00,2025-02-07T12:46:26-08:00,0,8
projects/projects.js,29,js,5aa190d6,stephluooo,2025-02-06,23:55:36,-08:00,2025-02-06T23:55:36-08:00,0,0
projects/projects.js,30,js,44368a7b,stephluooo,2025-02-07,12:46:26,-08:00,2025-02-07T12:46:26-08:00,0,51
projects/projects.js,31,js,d274f163,stephluooo,2025-02-06,17:19:47,-08:00,2025-02-06T17:19:47-08:00,0,0
projects/projects.js,32,js,44368a7b,stephluooo,2025-02-07,12:46:26,-08:00,2025-02-07T12:46:26-08:00,0,54
projects/projects.js,33,js,9c2e1b50,stephluooo,2025-02-06,18:16:34,-08:00,2025-02-06T18:16:34-08:00,0,0
projects/projects.js,34,js,44368a7b,stephluooo,2025-02-07,12:46:26,-08:00,2025-02-07T12:46:26-08:00,0,16
projects/projects.js,35,js,44368a7b,stephluooo,2025-02-07,12:46:26,-08:00,2025-02-07T12:46:26-08:00,0,23
projects/projects.js,36,js,44368a7b,stephluooo,2025-02-07,12:46:26,-08:00,2025-02-07T12:46:26-08:00,0,15
projects/projects.js,37,js,44368a7b,stephluooo,2025-02-07,12:46:26,-08:00,2025-02-07T12:46:26-08:00,0,3
projects/projects.js,38,js,d274f163,stephluooo,2025-02-06,17:19:47,-08:00,2025-02-06T17:19:47-08:00,0,0
projects/projects.js,39,js,44368a7b,stephluooo,2025-02-07,12:46:26,-08:00,2025-02-07T12:46:26-08:00,0,16
projects/projects.js,40,js,44368a7b,stephluooo,2025-02-07,12:46:26,-08:00,2025-02-07T12:46:26-08:00,0,37
projects/projects.js,41,js,44368a7b,stephluooo,2025-02-07,12:46:26,-08:00,2025-02-07T12:46:26-08:00,0,23
projects/projects.js,42,js,44368a7b,stephluooo,2025-02-07,12:46:26,-08:00,2025-02-07T12:46:26-08:00,0,53
projects/projects.js,43,js,44368a7b,stephluooo,2025-02-07,12:46:26,-08:00,2025-02-07T12:46:26-08:00,0,50
projects/projects.js,44,js,44368a7b,stephluooo,2025-02-07,12:46:26,-08:00,2025-02-07T12:46:26-08:00,0,21
projects/projects.js,45,js,44368a7b,stephluooo,2025-02-07,12:46:26,-08:00,2025-02-07T12:46:26-08:00,0,3
projects/projects.js,46,js,d274f163,stephluooo,2025-02-06,17:19:47,-08:00,2025-02-06T17:19:47-08:00,0,0
projects/projects.js,47,js,126a8974,stephluooo,2025-02-07,14:42:42,-08:00,2025-02-07T14:42:42-08:00,0,0
projects/projects.js,48,js,0bb77dc5,stephluooo,2025-02-06,18:05:31,-08:00,2025-02-06T18:05:31-08:00,0,0
projects/projects.js,49,js,44368a7b,stephluooo,2025-02-07,12:46:26,-08:00,2025-02-07T12:46:26-08:00,0,49
projects/projects.js,50,js,d274f163,stephluooo,2025-02-06,17:19:47,-08:00,2025-02-06T17:19:47-08:00,0,0
projects/projects.js,51,js,44368a7b,stephluooo,2025-02-07,12:46:26,-08:00,2025-02-07T12:46:26-08:00,0,30
projects/projects.js,52,js,44368a7b,stephluooo,2025-02-07,12:46:26,-08:00,2025-02-07T12:46:26-08:00,0,22
projects/projects.js,53,js,44368a7b,stephluooo,2025-02-07,12:46:26,-08:00,2025-02-07T12:46:26-08:00,0,23
projects/projects.js,54,js,44368a7b,stephluooo,2025-02-07,12:46:26,-08:00,2025-02-07T12:46:26-08:00,0,23
projects/projects.js,55,js,44368a7b,stephluooo,2025-02-07,12:46:26,-08:00,2025-02-07T12:46:26-08:00,0,34
projects/projects.js,56,js,44368a7b,stephluooo,2025-02-07,12:46:26,-08:00,2025-02-07T12:46:26-08:00,0,4
projects/projects.js,57,js,bf93160d,stephluooo,2025-02-06,22:17:21,-08:00,2025-02-06T22:17:21-08:00,0,0
projects/projects.js,58,js,44368a7b,stephluooo,2025-02-07,12:46:26,-08:00,2025-02-07T12:46:26-08:00,0,36
projects/projects.js,59,js,44368a7b,stephluooo,2025-02-07,12:46:26,-08:00,2025-02-07T12:46:26-08:00,0,28
projects/projects.js,60,js,44368a7b,stephluooo,2025-02-07,12:46:26,-08:00,2025-02-07T12:46:26-08:00,0,25
projects/projects.js,61,js,44368a7b,stephluooo,2025-02-07,12:46:26,-08:00,2025-02-07T12:46:26-08:00,0,107
projects/projects.js,62,js,44368a7b,stephluooo,2025-02-07,12:46:26,-08:00,2025-02-07T12:46:26-08:00,0,68
projects/projects.js,63,js,44368a7b,stephluooo,2025-02-07,12:46:26,-08:00,2025-02-07T12:46:26-08:00,0,113
projects/projects.js,64,js,44368a7b,stephluooo,2025-02-07,12:46:26,-08:00,2025-02-07T12:46:26-08:00,0,4
projects/projects.js,65,js,5eab54ac,stephluooo,2025-02-06,23:51:16,-08:00,2025-02-06T23:51:16-08:00,0,0
projects/projects.js,66,js,126a8974,stephluooo,2025-02-07,14:42:42,-08:00,2025-02-07T14:42:42-08:00,0,50
projects/projects.js,67,js,126a8974,stephluooo,2025-02-07,14:42:42,-08:00,2025-02-07T14:42:42-08:00,0,13
projects/projects.js,68,js,126a8974,stephluooo,2025-02-07,14:42:42,-08:00,2025-02-07T14:42:42-08:00,0,21
projects/projects.js,69,js,126a8974,stephluooo,2025-02-07,14:42:42,-08:00,2025-02-07T14:42:42-08:00,0,2
projects/projects.js,70,js,126a8974,stephluooo,2025-02-07,14:42:42,-08:00,2025-02-07T14:42:42-08:00,0,0
projects/projects.js,71,js,126a8974,stephluooo,2025-02-07,14:42:42,-08:00,2025-02-07T14:42:42-08:00,0,26
projects/projects.js,72,js,126a8974,stephluooo,2025-02-07,14:42:42,-08:00,2025-02-07T14:42:42-08:00,0,14
projects/projects.js,73,js,126a8974,stephluooo,2025-02-07,14:42:42,-08:00,2025-02-07T14:42:42-08:00,0,16
projects/projects.js,74,js,126a8974,stephluooo,2025-02-07,14:42:42,-08:00,2025-02-07T14:42:42-08:00,0,0
projects/projects.js,75,js,126a8974,stephluooo,2025-02-07,14:42:42,-08:00,2025-02-07T14:42:42-08:00,0,30
projects/projects.js,76,js,126a8974,stephluooo,2025-02-07,14:42:42,-08:00,2025-02-07T14:42:42-08:00,0,0
projects/projects.js,77,js,eee52fc5,stephluooo,2025-02-07,12:28:44,-08:00,2025-02-07T12:28:44-08:00,0,14
projects/projects.js,78,js,5b8cfc83,stephluooo,2025-02-07,14:31:58,-08:00,2025-02-07T14:31:58-08:00,0,0
projects/projects.js,79,js,eee52fc5,stephluooo,2025-02-07,12:28:44,-08:00,2025-02-07T12:28:44-08:00,0,54
projects/projects.js,80,js,5b8cfc83,stephluooo,2025-02-07,14:31:58,-08:00,2025-02-07T14:31:58-08:00,0,0
projects/projects.js,81,js,126a8974,stephluooo,2025-02-07,14:42:42,-08:00,2025-02-07T14:42:42-08:00,0,22
projects/projects.js,82,js,5b8cfc83,stephluooo,2025-02-07,14:31:58,-08:00,2025-02-07T14:31:58-08:00,0,0
projects/projects.js,83,js,44368a7b,stephluooo,2025-02-07,12:46:26,-08:00,2025-02-07T12:46:26-08:00,0,0
projects/projects.js,84,js,44368a7b,stephluooo,2025-02-07,12:46:26,-08:00,2025-02-07T12:46:26-08:00,0,39
projects/projects.js,85,js,44368a7b,stephluooo,2025-02-07,12:46:26,-08:00,2025-02-07T12:46:26-08:00,0,26
projects/projects.js,86,js,44368a7b,stephluooo,2025-02-07,12:46:26,-08:00,2025-02-07T12:46:26-08:00,0,30
projects/projects.js,87,js,44368a7b,stephluooo,2025-02-07,12:46:26,-08:00,2025-02-07T12:46:26-08:00,0,13
projects/projects.js,88,js,44368a7b,stephluooo,2025-02-07,12:46:26,-08:00,2025-02-07T12:46:26-08:00,0,15
projects/projects.js,89,js,44368a7b,stephluooo,2025-02-07,12:46:26,-08:00,2025-02-07T12:46:26-08:00,0,13
projects/projects.js,90,js,44368a7b,stephluooo,2025-02-07,12:46:26,-08:00,2025-02-07T12:46:26-08:00,0,1
projects/projects.js,91,js,44368a7b,stephluooo,2025-02-07,12:46:26,-08:00,2025-02-07T12:46:26-08:00,0,19
projects/projects.js,92,js,44368a7b,stephluooo,2025-02-07,12:46:26,-08:00,2025-02-07T12:46:26-08:00,0,51
projects/projects.js,93,js,44368a7b,stephluooo,2025-02-07,12:46:26,-08:00,2025-02-07T12:46:26-08:00,0,44
projects/projects.js,94,js,44368a7b,stephluooo,2025-02-07,12:46:26,-08:00,2025-02-07T12:46:26-08:00,0,2
projects/projects.js,95,js,44368a7b,stephluooo,2025-02-07,12:46:26,-08:00,2025-02-07T12:46:26-08:00,0,51
projects/projects.js,96,js,44368a7b,stephluooo,2025-02-07,12:46:26,-08:00,2025-02-07T12:46:26-08:00,0,54
projects/projects.js,97,js,44368a7b,stephluooo,2025-02-07,12:46:26,-08:00,2025-02-07T12:46:26-08:00,0,43
projects/projects.js,98,js,44368a7b,stephluooo,2025-02-07,12:46:26,-08:00,2025-02-07T12:46:26-08:00,0,79
projects/projects.js,99,js,44368a7b,stephluooo,2025-02-07,12:46:26,-08:00,2025-02-07T12:46:26-08:00,0,34
projects/projects.js,100,js,7169a361,stephluooo,2025-02-07,13:35:11,-08:00,2025-02-07T13:35:11-08:00,0,29
projects/projects.js,101,js,7169a361,stephluooo,2025-02-07,13:35:11,-08:00,2025-02-07T13:35:11-08:00,0,72
projects/projects.js,102,js,7169a361,stephluooo,2025-02-07,13:35:11,-08:00,2025-02-07T13:35:11-08:00,0,33
projects/projects.js,103,js,126a8974,stephluooo,2025-02-07,14:42:42,-08:00,2025-02-07T14:42:42-08:00,0,66
projects/projects.js,104,js,126a8974,stephluooo,2025-02-07,14:42:42,-08:00,2025-02-07T14:42:42-08:00,0,48
projects/projects.js,105,js,44368a7b,stephluooo,2025-02-07,12:46:26,-08:00,2025-02-07T12:46:26-08:00,0,54
projects/projects.js,106,js,44368a7b,stephluooo,2025-02-07,12:46:26,-08:00,2025-02-07T12:46:26-08:00,0,30
projects/projects.js,107,js,b0fd9c60,stephluooo,2025-02-07,12:51:07,-08:00,2025-02-07T12:51:07-08:00,0,5
projects/projects.js,108,js,44368a7b,stephluooo,2025-02-07,12:46:26,-08:00,2025-02-07T12:46:26-08:00,0,14
projects/projects.js,109,js,44368a7b,stephluooo,2025-02-07,12:46:26,-08:00,2025-02-07T12:46:26-08:00,0,14
projects/projects.js,110,js,126a8974,stephluooo,2025-02-07,14:42:42,-08:00,2025-02-07T14:42:42-08:00,0,25
projects/projects.js,111,js,126a8974,stephluooo,2025-02-07,14:42:42,-08:00,2025-02-07T14:42:42-08:00,0,19
projects/projects.js,112,js,126a8974,stephluooo,2025-02-07,14:42:42,-08:00,2025-02-07T14:42:42-08:00,0,68
projects/projects.js,113,js,126a8974,stephluooo,2025-02-07,14:42:42,-08:00,2025-02-07T14:42:42-08:00,0,0
projects/projects.js,114,js,126a8974,stephluooo,2025-02-07,14:42:42,-08:00,2025-02-07T14:42:42-08:00,0,30
projects/projects.js,115,js,389e952d,stephluooo,2025-02-07,14:53:13,-08:00,2025-02-07T14:53:13-08:00,0,23
projects/projects.js,116,js,126a8974,stephluooo,2025-02-07,14:42:42,-08:00,2025-02-07T14:42:42-08:00,0,69
projects/projects.js,117,js,126a8974,stephluooo,2025-02-07,14:42:42,-08:00,2025-02-07T14:42:42-08:00,0,0
projects/projects.js,118,js,126a8974,stephluooo,2025-02-07,14:42:42,-08:00,2025-02-07T14:42:42-08:00,0,42
projects/projects.js,119,js,126a8974,stephluooo,2025-02-07,14:42:42,-08:00,2025-02-07T14:42:42-08:00,0,19
projects/projects.js,120,js,126a8974,stephluooo,2025-02-07,14:42:42,-08:00,2025-02-07T14:42:42-08:00,0,15
projects/projects.js,121,js,126a8974,stephluooo,2025-02-07,14:42:42,-08:00,2025-02-07T14:42:42-08:00,0,99
projects/projects.js,122,js,126a8974,stephluooo,2025-02-07,14:42:42,-08:00,2025-02-07T14:42:42-08:00,0,0
projects/projects.js,123,js,126a8974,stephluooo,2025-02-07,14:42:42,-08:00,2025-02-07T14:42:42-08:00,0,16
projects/projects.js,124,js,126a8974,stephluooo,2025-02-07,14:42:42,-08:00,2025-02-07T14:42:42-08:00,0,32
projects/projects.js,125,js,126a8974,stephluooo,2025-02-07,14:42:42,-08:00,2025-02-07T14:42:42-08:00,0,2
projects/projects.js,126,js,44368a7b,stephluooo,2025-02-07,12:46:26,-08:00,2025-02-07T12:46:26-08:00,0,2
projects/projects.js,127,js,44368a7b,stephluooo,2025-02-07,12:46:26,-08:00,2025-02-07T12:46:26-08:00,0,0
projects/projects.js,128,js,7169a361,stephluooo,2025-02-07,13:35:11,-08:00,2025-02-07T13:35:11-08:00,0,0
projects/projects.js,129,js,44368a7b,stephluooo,2025-02-07,12:46:26,-08:00,2025-02-07T12:46:26-08:00,0,28
projects/projects.js,130,js,44368a7b,stephluooo,2025-02-07,12:46:26,-08:00,2025-02-07T12:46:26-08:00,0,18
projects/projects.js,131,js,44368a7b,stephluooo,2025-02-07,12:46:26,-08:00,2025-02-07T12:46:26-08:00,0,51
projects/projects.js,132,js,44368a7b,stephluooo,2025-02-07,12:46:26,-08:00,2025-02-07T12:46:26-08:00,0,28
projects/projects.js,133,js,44368a7b,stephluooo,2025-02-07,12:46:26,-08:00,2025-02-07T12:46:26-08:00,0,68
projects/projects.js,134,js,44368a7b,stephluooo,2025-02-07,12:46:26,-08:00,2025-02-07T12:46:26-08:00,0,2
projects/projects.js,135,js,44368a7b,stephluooo,2025-02-07,12:46:26,-08:00,2025-02-07T12:46:26-08:00,0,0
projects/projects.js,136,js,5b8cfc83,stephluooo,2025-02-07,14:31:58,-08:00,2025-02-07T14:31:58-08:00,0,0
projects/projects.js,137,js,5b8cfc83,stephluooo,2025-02-07,14:31:58,-08:00,2025-02-07T14:31:58-08:00,0,24
projects/projects.js,138,js,126a8974,stephluooo,2025-02-07,14:42:42,-08:00,2025-02-07T14:42:42-08:00,0,0
projects/projects.js,139,js,126a8974,stephluooo,2025-02-07,14:42:42,-08:00,2025-02-07T14:42:42-08:00,0,50
projects/projects.js,140,js,126a8974,stephluooo,2025-02-07,14:42:42,-08:00,2025-02-07T14:42:42-08:00,0,19
projects/projects.js,141,js,126a8974,stephluooo,2025-02-07,14:42:42,-08:00,2025-02-07T14:42:42-08:00,0,40
projects/projects.js,142,js,126a8974,stephluooo,2025-02-07,14:42:42,-08:00,2025-02-07T14:42:42-08:00,0,20
projects/projects.js,143,js,126a8974,stephluooo,2025-02-07,14:42:42,-08:00,2025-02-07T14:42:42-08:00,0,48
projects/projects.js,144,js,126a8974,stephluooo,2025-02-07,14:42:42,-08:00,2025-02-07T14:42:42-08:00,0,60
projects/projects.js,145,js,126a8974,stephluooo,2025-02-07,14:42:42,-08:00,2025-02-07T14:42:42-08:00,0,43
projects/projects.js,146,js,126a8974,stephluooo,2025-02-07,14:42:42,-08:00,2025-02-07T14:42:42-08:00,0,2
projects/projects.js,147,js,126a8974,stephluooo,2025-02-07,14:42:42,-08:00,2025-02-07T14:42:42-08:00,0,53
projects/projects.js,148,js,126a8974,stephluooo,2025-02-07,14:42:42,-08:00,2025-02-07T14:42:42-08:00,0,57
projects/projects.js,149,js,126a8974,stephluooo,2025-02-07,14:42:42,-08:00,2025-02-07T14:42:42-08:00,0,32
projects/projects.js,150,js,126a8974,stephluooo,2025-02-07,14:42:42,-08:00,2025-02-07T14:42:42-08:00,0,2
projects/projects.js,151,js,126a8974,stephluooo,2025-02-07,14:42:42,-08:00,2025-02-07T14:42:42-08:00,0,0
projects/projects.js,152,js,126a8974,stephluooo,2025-02-07,14:42:42,-08:00,2025-02-07T14:42:42-08:00,0,42
projects/projects.js,153,js,126a8974,stephluooo,2025-02-07,14:42:42,-08:00,2025-02-07T14:42:42-08:00,0,34
projects/projects.js,154,js,126a8974,stephluooo,2025-02-07,14:42:42,-08:00,2025-02-07T14:42:42-08:00,0,0
projects/projects.js,155,js,126a8974,stephluooo,2025-02-07,14:42:42,-08:00,2025-02-07T14:42:42-08:00,0,48
projects/projects.js,156,js,126a8974,stephluooo,2025-02-07,14:42:42,-08:00,2025-02-07T14:42:42-08:00,0,60
projects/projects.js,157,js,126a8974,stephluooo,2025-02-07,14:42:42,-08:00,2025-02-07T14:42:42-08:00,0,43
projects/projects.js,158,js,126a8974,stephluooo,2025-02-07,14:42:42,-08:00,2025-02-07T14:42:42-08:00,0,2
projects/projects.js,159,js,126a8974,stephluooo,2025-02-07,14:42:42,-08:00,2025-02-07T14:42:42-08:00,0,0
projects/projects.js,160,js,126a8974,stephluooo,2025-02-07,14:42:42,-08:00,2025-02-07T14:42:42-08:00,0,26
projects/projects.js,161,js,126a8974,stephluooo,2025-02-07,14:42:42,-08:00,2025-02-07T14:42:42-08:00,0,48
projects/projects.js,162,js,126a8974,stephluooo,2025-02-07,14:42:42,-08:00,2025-02-07T14:42:42-08:00,0,57
projects/projects.js,163,js,126a8974,stephluooo,2025-02-07,14:42:42,-08:00,2025-02-07T14:42:42-08:00,0,7
projects/projects.js,164,js,126a8974,stephluooo,2025-02-07,14:42:42,-08:00,2025-02-07T14:42:42-08:00,0,56
projects/projects.js,165,js,126a8974,stephluooo,2025-02-07,14:42:42,-08:00,2025-02-07T14:42:42-08:00,0,91
projects/projects.js,166,js,126a8974,stephluooo,2025-02-07,14:42:42,-08:00,2025-02-07T14:42:42-08:00,0,0
projects/projects.js,167,js,126a8974,stephluooo,2025-02-07,14:42:42,-08:00,2025-02-07T14:42:42-08:00,0,86
projects/projects.js,168,js,126a8974,stephluooo,2025-02-07,14:42:42,-08:00,2025-02-07T14:42:42-08:00,0,0
projects/projects.js,169,js,126a8974,stephluooo,2025-02-07,14:42:42,-08:00,2025-02-07T14:42:42-08:00,0,84
projects/projects.js,170,js,126a8974,stephluooo,2025-02-07,14:42:42,-08:00,2025-02-07T14:42:42-08:00,0,0
projects/projects.js,171,js,126a8974,stephluooo,2025-02-07,14:42:42,-08:00,2025-02-07T14:42:42-08:00,0,0
projects/index.html,1,html,e594f66e,stephluooo,2025-01-09,11:41:55,-08:00,2025-01-09T11:41:55-08:00,0,14
projects/index.html,2,html,e594f66e,stephluooo,2025-01-09,11:41:55,-08:00,2025-01-09T11:41:55-08:00,0,15
projects/index.html,3,html,e594f66e,stephluooo,2025-01-09,11:41:55,-08:00,2025-01-09T11:41:55-08:00,0,5
projects/index.html,4,html,e594f66e,stephluooo,2025-01-09,11:41:55,-08:00,2025-01-09T11:41:55-08:00,0,21
projects/index.html,5,html,e594f66e,stephluooo,2025-01-09,11:41:55,-08:00,2025-01-09T11:41:55-08:00,0,69
projects/index.html,6,html,e594f66e,stephluooo,2025-01-09,11:41:55,-08:00,2025-01-09T11:41:55-08:00,0,37
projects/index.html,7,html,e594f66e,stephluooo,2025-01-09,11:41:55,-08:00,2025-01-09T11:41:55-08:00,0,42
projects/index.html,8,html,8452e702,stephluooo,2025-01-23,13:11:06,-08:00,2025-01-23T13:11:06-08:00,0,49
projects/index.html,9,html,e594f66e,stephluooo,2025-01-09,11:41:55,-08:00,2025-01-09T11:41:55-08:00,0,6
projects/index.html,10,html,e594f66e,stephluooo,2025-01-09,11:41:55,-08:00,2025-01-09T11:41:55-08:00,0,5
projects/index.html,11,html,44103e87,stephluooo,2025-01-23,17:25:01,-08:00,2025-01-23T17:25:01-08:00,0,9
projects/index.html,12,html,e594f66e,stephluooo,2025-01-09,11:41:55,-08:00,2025-01-09T11:41:55-08:00,0,31
projects/index.html,13,html,e04170e7,stephluooo,2025-01-23,16:55:18,-08:00,2025-01-23T16:55:18-08:00,0,44
projects/index.html,14,html,e594f66e,stephluooo,2025-01-09,11:41:55,-08:00,2025-01-09T11:41:55-08:00,0,42
projects/index.html,15,html,264a6953,stephluooo,2025-01-09,12:44:33,-08:00,2025-01-09T12:44:33-08:00,0,40
projects/index.html,16,html,fbdaff40,stephluooo,2025-02-12,21:00:37,-08:00,2025-02-12T21:00:37-08:00,0,36
projects/index.html,17,html,e594f66e,stephluooo,2025-01-09,11:41:55,-08:00,2025-01-09T11:41:55-08:00,0,73
projects/index.html,18,html,44103e87,stephluooo,2025-01-23,17:25:01,-08:00,2025-01-23T17:25:01-08:00,0,9
projects/index.html,19,html,e594f66e,stephluooo,2025-01-09,11:41:55,-08:00,2025-01-09T11:41:55-08:00,0,16
projects/index.html,20,html,84e0f781,stephluooo,2025-02-06,23:40:07,-08:00,2025-02-06T23:40:07-08:00,0,22
projects/index.html,21,html,84e0f781,stephluooo,2025-02-06,23:40:07,-08:00,2025-02-06T23:40:07-08:00,0,53
projects/index.html,22,html,84e0f781,stephluooo,2025-02-06,23:40:07,-08:00,2025-02-06T23:40:07-08:00,0,39
projects/index.html,23,html,84e0f781,stephluooo,2025-02-06,23:40:07,-08:00,2025-02-06T23:40:07-08:00,0,5
projects/index.html,24,html,84e0f781,stephluooo,2025-02-06,23:40:07,-08:00,2025-02-06T23:40:07-08:00,0,18
projects/index.html,25,html,84e0f781,stephluooo,2025-02-06,23:40:07,-08:00,2025-02-06T23:40:07-08:00,0,55
projects/index.html,26,html,af16b53a,stephluooo,2025-02-07,14:51:17,-08:00,2025-02-07T14:51:17-08:00,0,4
projects/index.html,27,html,af16b53a,stephluooo,2025-02-07,14:51:17,-08:00,2025-02-07T14:51:17-08:00,0,5
projects/index.html,28,html,af16b53a,stephluooo,2025-02-07,14:51:17,-08:00,2025-02-07T14:51:17-08:00,0,5
projects/index.html,29,html,a3ad9bee,stephluooo,2025-02-07,12:09:59,-08:00,2025-02-07T12:09:59-08:00,0,16
projects/index.html,30,html,a3ad9bee,stephluooo,2025-02-07,12:09:59,-08:00,2025-02-07T12:09:59-08:00,0,12
projects/index.html,31,html,a3ad9bee,stephluooo,2025-02-07,12:09:59,-08:00,2025-02-07T12:09:59-08:00,0,27
projects/index.html,32,html,a3ad9bee,stephluooo,2025-02-07,12:09:59,-08:00,2025-02-07T12:09:59-08:00,0,32
projects/index.html,33,html,af16b53a,stephluooo,2025-02-07,14:51:17,-08:00,2025-02-07T14:51:17-08:00,0,1
projects/index.html,34,html,0c9b81f5,stephluooo,2025-01-16,18:01:49,-08:00,2025-01-16T18:01:49-08:00,0,21
projects/index.html,35,html,c5aa9765,stephluooo,2025-01-30,15:57:32,-08:00,2025-01-30T15:57:32-08:00,0,13
projects/index.html,36,html,0c9b81f5,stephluooo,2025-01-16,18:01:49,-08:00,2025-01-16T18:01:49-08:00,0,30
projects/index.html,37,html,0c9b81f5,stephluooo,2025-01-16,18:01:49,-08:00,2025-01-16T18:01:49-08:00,0,71
projects/index.html,38,html,0c9b81f5,stephluooo,2025-01-16,18:01:49,-08:00,2025-01-16T18:01:49-08:00,0,222
projects/index.html,39,html,0c9b81f5,stephluooo,2025-01-16,18:01:49,-08:00,2025-01-16T18:01:49-08:00,0,9
projects/index.html,40,html,0c9b81f5,stephluooo,2025-01-16,18:01:49,-08:00,2025-01-16T18:01:49-08:00,0,8
projects/index.html,41,html,0c9b81f5,stephluooo,2025-01-16,18:01:49,-08:00,2025-01-16T18:01:49-08:00,0,46
projects/index.html,42,html,0c9b81f5,stephluooo,2025-01-16,18:01:49,-08:00,2025-01-16T18:01:49-08:00,0,71
projects/index.html,43,html,0c9b81f5,stephluooo,2025-01-16,18:01:49,-08:00,2025-01-16T18:01:49-08:00,0,245
projects/index.html,44,html,0c9b81f5,stephluooo,2025-01-16,18:01:49,-08:00,2025-01-16T18:01:49-08:00,0,9
projects/index.html,45,html,0c9b81f5,stephluooo,2025-01-16,18:01:49,-08:00,2025-01-16T18:01:49-08:00,0,8
projects/index.html,46,html,0c9b81f5,stephluooo,2025-01-16,18:01:49,-08:00,2025-01-16T18:01:49-08:00,0,32
projects/index.html,47,html,0c9b81f5,stephluooo,2025-01-16,18:01:49,-08:00,2025-01-16T18:01:49-08:00,0,71
projects/index.html,48,html,0c9b81f5,stephluooo,2025-01-16,18:01:49,-08:00,2025-01-16T18:01:49-08:00,0,218
projects/index.html,49,html,0c9b81f5,stephluooo,2025-01-16,18:01:49,-08:00,2025-01-16T18:01:49-08:00,0,9
projects/index.html,50,html,0c9b81f5,stephluooo,2025-01-16,18:01:49,-08:00,2025-01-16T18:01:49-08:00,0,8
projects/index.html,51,html,0c9b81f5,stephluooo,2025-01-16,18:01:49,-08:00,2025-01-16T18:01:49-08:00,0,38
projects/index.html,52,html,0c9b81f5,stephluooo,2025-01-16,18:01:49,-08:00,2025-01-16T18:01:49-08:00,0,71
projects/index.html,53,html,0c9b81f5,stephluooo,2025-01-16,18:01:49,-08:00,2025-01-16T18:01:49-08:00,0,252
projects/index.html,54,html,0c9b81f5,stephluooo,2025-01-16,18:01:49,-08:00,2025-01-16T18:01:49-08:00,0,9
projects/index.html,55,html,0c9b81f5,stephluooo,2025-01-16,18:01:49,-08:00,2025-01-16T18:01:49-08:00,0,8
projects/index.html,56,html,0c9b81f5,stephluooo,2025-01-16,18:01:49,-08:00,2025-01-16T18:01:49-08:00,0,34
projects/index.html,57,html,0c9b81f5,stephluooo,2025-01-16,18:01:49,-08:00,2025-01-16T18:01:49-08:00,0,71
projects/index.html,58,html,0c9b81f5,stephluooo,2025-01-16,18:01:49,-08:00,2025-01-16T18:01:49-08:00,0,212
projects/index.html,59,html,0c9b81f5,stephluooo,2025-01-16,18:01:49,-08:00,2025-01-16T18:01:49-08:00,0,9
projects/index.html,60,html,0c9b81f5,stephluooo,2025-01-16,18:01:49,-08:00,2025-01-16T18:01:49-08:00,0,8
projects/index.html,61,html,0c9b81f5,stephluooo,2025-01-16,18:01:49,-08:00,2025-01-16T18:01:49-08:00,0,47
projects/index.html,62,html,0c9b81f5,stephluooo,2025-01-16,18:01:49,-08:00,2025-01-16T18:01:49-08:00,0,71
projects/index.html,63,html,0c9b81f5,stephluooo,2025-01-16,18:01:49,-08:00,2025-01-16T18:01:49-08:00,0,209
projects/index.html,64,html,0c9b81f5,stephluooo,2025-01-16,18:01:49,-08:00,2025-01-16T18:01:49-08:00,0,9
projects/index.html,65,html,0c9b81f5,stephluooo,2025-01-16,18:01:49,-08:00,2025-01-16T18:01:49-08:00,0,8
projects/index.html,66,html,0c9b81f5,stephluooo,2025-01-16,18:01:49,-08:00,2025-01-16T18:01:49-08:00,0,36
projects/index.html,67,html,0c9b81f5,stephluooo,2025-01-16,18:01:49,-08:00,2025-01-16T18:01:49-08:00,0,71
projects/index.html,68,html,0c9b81f5,stephluooo,2025-01-16,18:01:49,-08:00,2025-01-16T18:01:49-08:00,0,214
projects/index.html,69,html,0c9b81f5,stephluooo,2025-01-16,18:01:49,-08:00,2025-01-16T18:01:49-08:00,0,9
projects/index.html,70,html,0c9b81f5,stephluooo,2025-01-16,18:01:49,-08:00,2025-01-16T18:01:49-08:00,0,8
projects/index.html,71,html,0c9b81f5,stephluooo,2025-01-16,18:01:49,-08:00,2025-01-16T18:01:49-08:00,0,31
projects/index.html,72,html,0c9b81f5,stephluooo,2025-01-16,18:01:49,-08:00,2025-01-16T18:01:49-08:00,0,71
projects/index.html,73,html,0c9b81f5,stephluooo,2025-01-16,18:01:49,-08:00,2025-01-16T18:01:49-08:00,0,239
projects/index.html,74,html,0c9b81f5,stephluooo,2025-01-16,18:01:49,-08:00,2025-01-16T18:01:49-08:00,0,9
projects/index.html,75,html,0c9b81f5,stephluooo,2025-01-16,18:01:49,-08:00,2025-01-16T18:01:49-08:00,0,8
projects/index.html,76,html,0c9b81f5,stephluooo,2025-01-16,18:01:49,-08:00,2025-01-16T18:01:49-08:00,0,45
projects/index.html,77,html,0c9b81f5,stephluooo,2025-01-16,18:01:49,-08:00,2025-01-16T18:01:49-08:00,0,71
projects/index.html,78,html,0c9b81f5,stephluooo,2025-01-16,18:01:49,-08:00,2025-01-16T18:01:49-08:00,0,224
projects/index.html,79,html,0c9b81f5,stephluooo,2025-01-16,18:01:49,-08:00,2025-01-16T18:01:49-08:00,0,9
projects/index.html,80,html,0c9b81f5,stephluooo,2025-01-16,18:01:49,-08:00,2025-01-16T18:01:49-08:00,0,8
projects/index.html,81,html,0c9b81f5,stephluooo,2025-01-16,18:01:49,-08:00,2025-01-16T18:01:49-08:00,0,53
projects/index.html,82,html,0c9b81f5,stephluooo,2025-01-16,18:01:49,-08:00,2025-01-16T18:01:49-08:00,0,71
projects/index.html,83,html,0c9b81f5,stephluooo,2025-01-16,18:01:49,-08:00,2025-01-16T18:01:49-08:00,0,247
projects/index.html,84,html,0c9b81f5,stephluooo,2025-01-16,18:01:49,-08:00,2025-01-16T18:01:49-08:00,0,9
projects/index.html,85,html,0c9b81f5,stephluooo,2025-01-16,18:01:49,-08:00,2025-01-16T18:01:49-08:00,0,8
projects/index.html,86,html,0c9b81f5,stephluooo,2025-01-16,18:01:49,-08:00,2025-01-16T18:01:49-08:00,0,40
projects/index.html,87,html,0c9b81f5,stephluooo,2025-01-16,18:01:49,-08:00,2025-01-16T18:01:49-08:00,0,71
projects/index.html,88,html,0c9b81f5,stephluooo,2025-01-16,18:01:49,-08:00,2025-01-16T18:01:49-08:00,0,223
projects/index.html,89,html,0c9b81f5,stephluooo,2025-01-16,18:01:49,-08:00,2025-01-16T18:01:49-08:00,0,9
projects/index.html,90,html,0c9b81f5,stephluooo,2025-01-16,18:01:49,-08:00,2025-01-16T18:01:49-08:00,0,8
projects/index.html,91,html,0c9b81f5,stephluooo,2025-01-16,18:01:49,-08:00,2025-01-16T18:01:49-08:00,0,31
projects/index.html,92,html,0c9b81f5,stephluooo,2025-01-16,18:01:49,-08:00,2025-01-16T18:01:49-08:00,0,71
projects/index.html,93,html,0c9b81f5,stephluooo,2025-01-16,18:01:49,-08:00,2025-01-16T18:01:49-08:00,0,213
projects/index.html,94,html,c5aa9765,stephluooo,2025-01-30,15:57:32,-08:00,2025-01-30T15:57:32-08:00,0,13
projects/index.html,95,html,0c9b81f5,stephluooo,2025-01-16,18:01:49,-08:00,2025-01-16T18:01:49-08:00,0,5
projects/index.html,96,html,b7ff51da,stephluooo,2025-01-30,16:01:01,-08:00,2025-01-30T16:01:01-08:00,0,49
projects/index.html,97,html,b7ff51da,stephluooo,2025-01-30,16:01:01,-08:00,2025-01-30T16:01:01-08:00,0,48
projects/index.html,98,html,e594f66e,stephluooo,2025-01-09,11:41:55,-08:00,2025-01-09T11:41:55-08:00,0,6
projects/index.html,99,html,e594f66e,stephluooo,2025-01-09,11:41:55,-08:00,2025-01-09T11:41:55-08:00,0,6
meta/main.js,1,js,7137a88c,stephluooo,2025-02-13,23:03:30,-08:00,2025-02-13T23:03:30-08:00,0,13
meta/main.js,2,js,7137a88c,stephluooo,2025-02-13,23:03:30,-08:00,2025-02-13T23:03:30-08:00,0,0
meta/main.js,3,js,7137a88c,stephluooo,2025-02-13,23:03:30,-08:00,2025-02-13T23:03:30-08:00,0,26
meta/main.js,4,js,7137a88c,stephluooo,2025-02-13,23:03:30,-08:00,2025-02-13T23:03:30-08:00,0,30
meta/main.js,5,js,7137a88c,stephluooo,2025-02-13,23:03:30,-08:00,2025-02-13T23:03:30-08:00,0,17
meta/main.js,6,js,7137a88c,stephluooo,2025-02-13,23:03:30,-08:00,2025-02-13T23:03:30-08:00,0,0
meta/main.js,7,js,7137a88c,stephluooo,2025-02-13,23:03:30,-08:00,2025-02-13T23:03:30-08:00,0,0
meta/main.js,8,js,7137a88c,stephluooo,2025-02-13,23:03:30,-08:00,2025-02-13T23:03:30-08:00,0,58
meta/main.js,9,js,7137a88c,stephluooo,2025-02-13,23:03:30,-08:00,2025-02-13T23:03:30-08:00,0,16
meta/main.js,10,js,7137a88c,stephluooo,2025-02-13,23:03:30,-08:00,2025-02-13T23:03:30-08:00,0,2
meta/index.html,1,html,fbdaff40,stephluooo,2025-02-12,21:00:37,-08:00,2025-02-12T21:00:37-08:00,0,14
meta/index.html,2,html,fbdaff40,stephluooo,2025-02-12,21:00:37,-08:00,2025-02-12T21:00:37-08:00,0,15
meta/index.html,3,html,fbdaff40,stephluooo,2025-02-12,21:00:37,-08:00,2025-02-12T21:00:37-08:00,0,5
meta/index.html,4,html,fbdaff40,stephluooo,2025-02-12,21:00:37,-08:00,2025-02-12T21:00:37-08:00,0,21
meta/index.html,5,html,fbdaff40,stephluooo,2025-02-12,21:00:37,-08:00,2025-02-12T21:00:37-08:00,0,69
meta/index.html,6,html,1feafa10,stephluooo,2025-02-12,21:06:56,-08:00,2025-02-12T21:06:56-08:00,0,18
meta/index.html,7,html,fbdaff40,stephluooo,2025-02-12,21:00:37,-08:00,2025-02-12T21:00:37-08:00,0,42
meta/index.html,8,html,7137a88c,stephluooo,2025-02-13,23:03:30,-08:00,2025-02-13T23:03:30-08:00,0,52
meta/index.html,9,html,c91caf83,stephluooo,2025-02-12,21:10:28,-08:00,2025-02-12T21:10:28-08:00,0,49
meta/index.html,10,html,fbdaff40,stephluooo,2025-02-12,21:00:37,-08:00,2025-02-12T21:00:37-08:00,0,6
meta/index.html,11,html,fbdaff40,stephluooo,2025-02-12,21:00:37,-08:00,2025-02-12T21:00:37-08:00,0,5
meta/index.html,12,html,1feafa10,stephluooo,2025-02-12,21:06:56,-08:00,2025-02-12T21:06:56-08:00,0,9
meta/index.html,13,html,fbdaff40,stephluooo,2025-02-12,21:00:37,-08:00,2025-02-12T21:00:37-08:00,0,31
meta/index.html,14,html,fbdaff40,stephluooo,2025-02-12,21:00:37,-08:00,2025-02-12T21:00:37-08:00,0,44
meta/index.html,15,html,fbdaff40,stephluooo,2025-02-12,21:00:37,-08:00,2025-02-12T21:00:37-08:00,0,42
meta/index.html,16,html,fbdaff40,stephluooo,2025-02-12,21:00:37,-08:00,2025-02-12T21:00:37-08:00,0,40
meta/index.html,17,html,1feafa10,stephluooo,2025-02-12,21:06:56,-08:00,2025-02-12T21:06:56-08:00,0,28
meta/index.html,18,html,fbdaff40,stephluooo,2025-02-12,21:00:37,-08:00,2025-02-12T21:00:37-08:00,0,65
meta/index.html,19,html,1feafa10,stephluooo,2025-02-12,21:06:56,-08:00,2025-02-12T21:06:56-08:00,0,9
meta/index.html,20,html,fbdaff40,stephluooo,2025-02-12,21:00:37,-08:00,2025-02-12T21:00:37-08:00,0,0
meta/index.html,21,html,fbdaff40,stephluooo,2025-02-12,21:00:37,-08:00,2025-02-12T21:00:37-08:00,0,12
meta/index.html,22,html,fbdaff40,stephluooo,2025-02-12,21:00:37,-08:00,2025-02-12T21:00:37-08:00,0,62
meta/index.html,23,html,fbdaff40,stephluooo,2025-02-12,21:00:37,-08:00,2025-02-12T21:00:37-08:00,0,0
meta/index.html,24,html,fbdaff40,stephluooo,2025-02-12,21:00:37,-08:00,2025-02-12T21:00:37-08:00,0,60
meta/index.html,25,html,fbdaff40,stephluooo,2025-02-12,21:00:37,-08:00,2025-02-12T21:00:37-08:00,0,22
meta/index.html,26,html,fbdaff40,stephluooo,2025-02-12,21:00:37,-08:00,2025-02-12T21:00:37-08:00,0,76
meta/index.html,27,html,fbdaff40,stephluooo,2025-02-12,21:00:37,-08:00,2025-02-12T21:00:37-08:00,0,5
meta/index.html,28,html,fbdaff40,stephluooo,2025-02-12,21:00:37,-08:00,2025-02-12T21:00:37-08:00,0,0
meta/index.html,29,html,7137a88c,stephluooo,2025-02-13,23:03:30,-08:00,2025-02-13T23:03:30-08:00,0,21
meta/index.html,30,html,7137a88c,stephluooo,2025-02-13,23:03:30,-08:00,2025-02-13T23:03:30-08:00,0,0
meta/index.html,31,html,fbdaff40,stephluooo,2025-02-12,21:00:37,-08:00,2025-02-12T21:00:37-08:00,0,6
meta/index.html,32,html,fbdaff40,stephluooo,2025-02-12,21:00:37,-08:00,2025-02-12T21:00:37-08:00,0,6
contact/index.html,1,html,e594f66e,stephluooo,2025-01-09,11:41:55,-08:00,2025-01-09T11:41:55-08:00,0,14
contact/index.html,2,html,e594f66e,stephluooo,2025-01-09,11:41:55,-08:00,2025-01-09T11:41:55-08:00,0,15
contact/index.html,3,html,e594f66e,stephluooo,2025-01-09,11:41:55,-08:00,2025-01-09T11:41:55-08:00,0,5
contact/index.html,4,html,e594f66e,stephluooo,2025-01-09,11:41:55,-08:00,2025-01-09T11:41:55-08:00,0,21
contact/index.html,5,html,e594f66e,stephluooo,2025-01-09,11:41:55,-08:00,2025-01-09T11:41:55-08:00,0,69
contact/index.html,6,html,e594f66e,stephluooo,2025-01-09,11:41:55,-08:00,2025-01-09T11:41:55-08:00,0,36
contact/index.html,7,html,e594f66e,stephluooo,2025-01-09,11:41:55,-08:00,2025-01-09T11:41:55-08:00,0,42
contact/index.html,8,html,8452e702,stephluooo,2025-01-23,13:11:06,-08:00,2025-01-23T13:11:06-08:00,0,49
contact/index.html,9,html,e594f66e,stephluooo,2025-01-09,11:41:55,-08:00,2025-01-09T11:41:55-08:00,0,6
contact/index.html,10,html,e594f66e,stephluooo,2025-01-09,11:41:55,-08:00,2025-01-09T11:41:55-08:00,0,5
contact/index.html,11,html,44103e87,stephluooo,2025-01-23,17:25:01,-08:00,2025-01-23T17:25:01-08:00,0,9
contact/index.html,12,html,e594f66e,stephluooo,2025-01-09,11:41:55,-08:00,2025-01-09T11:41:55-08:00,0,31
contact/index.html,13,html,e594f66e,stephluooo,2025-01-09,11:41:55,-08:00,2025-01-09T11:41:55-08:00,0,44
contact/index.html,14,html,e04170e7,stephluooo,2025-01-23,16:55:18,-08:00,2025-01-23T16:55:18-08:00,0,42
contact/index.html,15,html,264a6953,stephluooo,2025-01-09,12:44:33,-08:00,2025-01-09T12:44:33-08:00,0,40
contact/index.html,16,html,fbdaff40,stephluooo,2025-02-12,21:00:37,-08:00,2025-02-12T21:00:37-08:00,0,35
contact/index.html,17,html,e594f66e,stephluooo,2025-01-09,11:41:55,-08:00,2025-01-09T11:41:55-08:00,0,73
contact/index.html,18,html,44103e87,stephluooo,2025-01-23,17:25:01,-08:00,2025-01-23T17:25:01-08:00,0,9
contact/index.html,19,html,e594f66e,stephluooo,2025-01-09,11:41:55,-08:00,2025-01-09T11:41:55-08:00,0,15
contact/index.html,20,html,f24c7211,stephluooo,2025-01-09,11:49:17,-08:00,2025-01-09T11:49:17-08:00,0,82
contact/index.html,21,html,718c344e,stephluooo,2025-01-16,17:58:33,-08:00,2025-01-16T17:58:33-08:00,0,0
contact/index.html,22,html,22aef5b9,stephluooo,2025-01-16,18:07:54,-08:00,2025-01-16T18:07:54-08:00,0,20
contact/index.html,23,html,22aef5b9,stephluooo,2025-01-16,18:07:54,-08:00,2025-01-16T18:07:54-08:00,0,6
contact/index.html,24,html,ce96d2aa,stephluooo,2025-01-16,18:13:52,-08:00,2025-01-16T18:13:52-08:00,0,14
contact/index.html,25,html,22aef5b9,stephluooo,2025-01-16,18:07:54,-08:00,2025-01-16T18:07:54-08:00,0,32
contact/index.html,26,html,22aef5b9,stephluooo,2025-01-16,18:07:54,-08:00,2025-01-16T18:07:54-08:00,0,5
contact/index.html,27,html,718c344e,stephluooo,2025-01-16,17:58:33,-08:00,2025-01-16T17:58:33-08:00,0,0
contact/index.html,28,html,22aef5b9,stephluooo,2025-01-16,18:07:54,-08:00,2025-01-16T18:07:54-08:00,0,20
contact/index.html,29,html,22aef5b9,stephluooo,2025-01-16,18:07:54,-08:00,2025-01-16T18:07:54-08:00,0,6
contact/index.html,30,html,ce96d2aa,stephluooo,2025-01-16,18:13:52,-08:00,2025-01-16T18:13:52-08:00,0,16
contact/index.html,31,html,22aef5b9,stephluooo,2025-01-16,18:07:54,-08:00,2025-01-16T18:07:54-08:00,0,33
contact/index.html,32,html,22aef5b9,stephluooo,2025-01-16,18:07:54,-08:00,2025-01-16T18:07:54-08:00,0,5
contact/index.html,33,html,718c344e,stephluooo,2025-01-16,17:58:33,-08:00,2025-01-16T17:58:33-08:00,0,0
contact/index.html,34,html,22aef5b9,stephluooo,2025-01-16,18:07:54,-08:00,2025-01-16T18:07:54-08:00,0,20
contact/index.html,35,html,22aef5b9,stephluooo,2025-01-16,18:07:54,-08:00,2025-01-16T18:07:54-08:00,0,6
contact/index.html,36,html,ce96d2aa,stephluooo,2025-01-16,18:13:52,-08:00,2025-01-16T18:13:52-08:00,0,13
contact/index.html,37,html,22aef5b9,stephluooo,2025-01-16,18:07:54,-08:00,2025-01-16T18:07:54-08:00,0,32
contact/index.html,38,html,22aef5b9,stephluooo,2025-01-16,18:07:54,-08:00,2025-01-16T18:07:54-08:00,0,5
contact/index.html,39,html,718c344e,stephluooo,2025-01-16,17:58:33,-08:00,2025-01-16T17:58:33-08:00,0,0
contact/index.html,40,html,f24c7211,stephluooo,2025-01-09,11:49:17,-08:00,2025-01-09T11:49:17-08:00,0,22
contact/index.html,41,html,f24c7211,stephluooo,2025-01-09,11:49:17,-08:00,2025-01-09T11:49:17-08:00,0,6
contact/index.html,42,html,e594f66e,stephluooo,2025-01-09,11:41:55,-08:00,2025-01-09T11:41:55-08:00,0,6
contact/index.html,43,html,e594f66e,stephluooo,2025-01-09,11:41:55,-08:00,2025-01-09T11:41:55-08:00,0,6
